participant,array,ch_a,ch_b,cortical_mm,same_segment,jaccard,same_digit,palm_centroid_dist_mm,dors_centroid_dist_mm
C1,LateralSensory,33,40,0.8,0,0.0,1,18.195,nan
C1,LateralSensory,33,53,1.6,0,0.0,1,11.39,nan
C1,LateralSensory,33,59,2.0,0,0.0,1,11.39,nan
C1,LateralSensory,33,45,0.566,0,0.0,1,42.409,nan
C1,LateralSensory,33,49,1.265,0,0.0,1,11.39,nan
C1,LateralSensory,33,60,2.04,0,0.0,1,11.39,nan
C1,LateralSensory,33,35,0.8,0,0.0,1,11.39,nan
C1,LateralSensory,33,42,1.131,0,0.0,1,11.39,nan
C1,LateralSensory,33,55,1.789,0,0.0,1,11.39,nan
C1,LateralSensory,33,47,1.265,0,0.0,1,11.39,nan
C1,LateralSensory,33,50,1.697,0,0.0,1,11.39,nan
C1,LateralSensory,33,61,2.332,0,0.0,1,11.39,nan
C1,LateralSensory,33,44,1.789,0,0.0,1,11.39,nan
C1,LateralSensory,33,56,2.263,0,0.0,1,11.39,nan
C1,LateralSensory,33,34,2.04,0,0.0,1,11.39,nan
C1,LateralSensory,33,52,2.332,0,0.0,1,11.39,nan
C1,LateralSensory,33,62,2.828,0,0.0,1,11.39,nan
C1,LateralSensory,33,39,2.4,0,0.0,1,11.39,nan
C1,LateralSensory,33,46,2.53,1,0.5,1,0.0,nan
C1,LateralSensory,33,57,2.884,0,0.0,1,18.195,nan
C1,LateralSensory,33,36,2.828,0,0.0,1,82.88,nan
C1,LateralSensory,33,51,3.046,1,0.5,1,0.0,nan
C1,LateralSensory,33,64,3.441,0,0.0,0,83.095,nan
C1,LateralSensory,33,41,3.2,0,0.0,0,82.88,nan
C1,LateralSensory,33,48,3.298,0,0.0,1,11.39,nan
C1,LateralSensory,33,58,3.578,0,0.0,0,nan,nan
C1,LateralSensory,33,43,3.6,0,0.0,0,83.095,nan
C1,LateralSensory,33,38,3.622,0,0.0,0,82.88,nan
C1,LateralSensory,33,54,3.795,0,0.0,0,nan,nan
C1,LateralSensory,33,63,4.118,0,0.0,0,nan,nan
C1,LateralSensory,40,53,0.8,0,0.0,1,29.582,nan
C1,LateralSensory,40,59,1.2,0,0.0,1,29.582,nan
C1,LateralSensory,40,45,0.566,0,0.0,1,24.214,nan
C1,LateralSensory,40,49,0.566,0,0.0,1,29.582,45.451
C1,LateralSensory,40,60,1.265,0,0.0,1,29.582,nan
C1,LateralSensory,40,35,1.131,1,0.333,1,29.582,0.0
C1,LateralSensory,40,42,0.8,1,0.333,1,29.582,0.0
C1,LateralSensory,40,55,1.131,1,0.333,1,29.582,0.0
C1,LateralSensory,40,47,1.265,1,0.333,1,29.582,0.0
C1,LateralSensory,40,50,1.265,0,0.0,1,29.582,85.678
C1,LateralSensory,40,61,1.697,1,0.333,1,29.582,0.0
C1,LateralSensory,40,44,1.6,1,0.333,1,29.582,0.0
C1,LateralSensory,40,56,1.789,1,0.333,1,29.582,0.0
C1,LateralSensory,40,34,2.04,1,0.333,1,29.582,0.0
C1,LateralSensory,40,52,2.04,1,0.333,1,29.582,0.0
C1,LateralSensory,40,62,2.332,1,0.333,1,29.582,0.0
C1,LateralSensory,40,39,2.53,1,0.333,1,29.582,0.0
C1,LateralSensory,40,46,2.4,1,0.333,1,18.195,0.0
C1,LateralSensory,40,57,2.53,1,0.333,1,0.0,85.678
C1,LateralSensory,40,36,2.828,0,0.0,1,69.879,21.765
C1,LateralSensory,40,51,2.828,0,0.0,1,18.195,85.678
C1,LateralSensory,40,64,3.046,0,0.0,0,72.379,85.678
C1,LateralSensory,40,41,3.298,0,0.0,0,69.879,85.678
C1,LateralSensory,40,48,3.2,0,0.0,1,29.582,85.678
C1,LateralSensory,40,58,3.298,0,0.0,0,nan,85.678
C1,LateralSensory,40,43,3.688,0,0.0,0,72.379,85.678
C1,LateralSensory,40,38,3.622,0,0.0,0,69.879,85.678
C1,LateralSensory,40,54,3.622,0,0.0,0,nan,85.678
C1,LateralSensory,40,63,3.795,0,0.0,0,nan,85.678
C1,LateralSensory,53,59,0.4,1,1.0,1,0.0,nan
C1,LateralSensory,53,45,1.265,0,0.0,1,53.794,nan
C1,LateralSensory,53,49,0.566,1,0.5,1,0.0,nan
C1,LateralSensory,53,60,0.566,1,1.0,1,0.0,nan
C1,LateralSensory,53,35,1.789,1,0.5,1,0.0,nan
C1,LateralSensory,53,42,1.131,1,0.5,1,0.0,nan
C1,LateralSensory,53,55,0.8,1,0.5,1,0.0,nan
C1,LateralSensory,53,47,1.697,1,0.5,1,0.0,nan
C1,LateralSensory,53,50,1.265,1,0.5,1,0.0,nan
C1,LateralSensory,53,61,1.265,1,0.5,1,0.0,nan
C1,LateralSensory,53,44,1.789,1,0.5,1,0.0,nan
C1,LateralSensory,53,56,1.6,1,0.5,1,0.0,nan
C1,LateralSensory,53,34,2.332,1,0.5,1,0.0,nan
C1,LateralSensory,53,52,2.04,1,0.5,1,0.0,nan
C1,LateralSensory,53,62,2.04,1,0.5,1,0.0,nan
C1,LateralSensory,53,39,2.884,1,0.5,1,0.0,nan
C1,LateralSensory,53,46,2.53,0,0.0,1,11.39,nan
C1,LateralSensory,53,57,2.4,0,0.0,1,29.582,nan
C1,LateralSensory,53,36,3.046,0,0.0,1,92.145,nan
C1,LateralSensory,53,51,2.828,0,0.0,1,11.39,nan
C1,LateralSensory,53,64,2.828,0,0.0,0,91.289,nan
C1,LateralSensory,53,41,3.578,0,0.0,0,92.145,nan
C1,LateralSensory,53,48,3.298,1,0.5,1,0.0,nan
C1,LateralSensory,53,58,3.2,0,0.0,0,nan,nan
C1,LateralSensory,53,43,3.94,0,0.0,0,91.289,nan
C1,LateralSensory,53,38,3.795,0,0.0,0,92.145,nan
C1,LateralSensory,53,54,3.622,0,0.0,0,nan,nan
C1,LateralSensory,53,63,3.622,0,0.0,0,nan,nan
C1,LateralSensory,59,45,1.649,0,0.0,1,53.794,nan
C1,LateralSensory,59,49,0.894,1,0.5,1,0.0,nan
C1,LateralSensory,59,60,0.4,1,1.0,1,0.0,nan
C1,LateralSensory,59,35,2.154,1,0.5,1,0.0,nan
C1,LateralSensory,59,42,1.442,1,0.5,1,0.0,nan
C1,LateralSensory,59,55,0.894,1,0.5,1,0.0,nan
C1,LateralSensory,59,47,2.0,1,0.5,1,0.0,nan
C1,LateralSensory,59,50,1.442,1,0.5,1,0.0,nan
C1,LateralSensory,59,61,1.2,1,0.5,1,0.0,nan
C1,LateralSensory,59,44,2.0,1,0.5,1,0.0,nan
C1,LateralSensory,59,56,1.649,1,0.5,1,0.0,nan
C1,LateralSensory,59,34,2.561,1,0.5,1,0.0,nan
C1,LateralSensory,59,52,2.154,1,0.5,1,0.0,nan
C1,LateralSensory,59,62,2.0,1,0.5,1,0.0,nan
C1,LateralSensory,59,39,3.124,1,0.5,1,0.0,nan
C1,LateralSensory,59,46,2.683,0,0.0,1,11.39,nan
C1,LateralSensory,59,57,2.433,0,0.0,1,29.582,nan
C1,LateralSensory,59,36,3.225,0,0.0,1,92.145,nan
C1,LateralSensory,59,51,2.912,0,0.0,1,11.39,nan
C1,LateralSensory,59,64,2.8,0,0.0,0,91.289,nan
C1,LateralSensory,59,41,3.774,0,0.0,0,92.145,nan
C1,LateralSensory,59,48,3.418,1,0.5,1,0.0,nan
C1,LateralSensory,59,58,3.225,0,0.0,0,nan,nan
C1,LateralSensory,59,43,4.118,0,0.0,0,91.289,nan
C1,LateralSensory,59,38,3.94,0,0.0,0,92.145,nan
C1,LateralSensory,59,54,3.688,0,0.0,0,nan,nan
C1,LateralSensory,59,63,3.6,0,0.0,0,nan,nan
C1,LateralSensory,45,49,0.8,0,0.0,1,53.794,nan
C1,LateralSensory,45,60,1.6,0,0.0,1,53.794,nan
C1,LateralSensory,45,35,0.566,0,0.0,1,53.794,nan
C1,LateralSensory,45,42,0.566,0,0.0,1,53.794,nan
C1,LateralSensory,45,55,1.265,0,0.0,1,53.794,nan
C1,LateralSensory,45,47,0.8,0,0.0,1,53.794,nan
C1,LateralSensory,45,50,1.131,0,0.0,1,53.794,nan
C1,LateralSensory,45,61,1.789,0,0.0,1,53.794,nan
C1,LateralSensory,45,44,1.265,0,0.0,1,53.794,nan
C1,LateralSensory,45,56,1.697,0,0.0,1,53.794,nan
C1,LateralSensory,45,34,1.6,0,0.0,1,53.794,nan
C1,LateralSensory,45,52,1.789,0,0.0,1,53.794,nan
C1,LateralSensory,45,62,2.263,0,0.0,1,53.794,nan
C1,LateralSensory,45,39,2.04,0,0.0,1,53.794,nan
C1,LateralSensory,45,46,2.04,0,0.0,1,42.409,nan
C1,LateralSensory,45,57,2.332,0,0.0,1,24.214,nan
C1,LateralSensory,45,36,2.4,0,0.0,1,57.166,nan
C1,LateralSensory,45,51,2.53,0,0.0,1,42.409,nan
C1,LateralSensory,45,64,2.884,0,0.0,0,63.635,nan
C1,LateralSensory,45,41,2.828,0,0.0,0,57.166,nan
C1,LateralSensory,45,48,2.828,0,0.0,1,53.794,nan
C1,LateralSensory,45,58,3.046,0,0.0,0,nan,nan
C1,LateralSensory,45,43,3.225,0,0.0,0,63.635,nan
C1,LateralSensory,45,38,3.2,0,0.0,0,57.166,nan
C1,LateralSensory,45,54,3.298,0,0.0,0,nan,nan
C1,LateralSensory,45,63,3.578,0,0.0,0,nan,nan
C1,LateralSensory,49,60,0.8,1,0.5,1,0.0,nan
C1,LateralSensory,49,35,1.265,1,0.333,1,0.0,45.451
C1,LateralSensory,49,42,0.566,1,0.333,1,0.0,45.451
C1,LateralSensory,49,55,0.566,1,0.333,1,0.0,45.451
C1,LateralSensory,49,47,1.131,1,0.333,1,0.0,45.451
C1,LateralSensory,49,50,0.8,1,0.333,1,0.0,52.627
C1,LateralSensory,49,61,1.131,1,0.333,1,0.0,45.451
C1,LateralSensory,49,44,1.265,1,0.333,1,0.0,45.451
C1,LateralSensory,49,56,1.265,1,0.333,1,0.0,45.451
C1,LateralSensory,49,34,1.789,1,0.333,1,0.0,45.451
C1,LateralSensory,49,52,1.6,1,0.333,1,0.0,45.451
C1,LateralSensory,49,62,1.789,1,0.333,1,0.0,45.451
C1,LateralSensory,49,39,2.332,1,0.333,1,0.0,45.451
C1,LateralSensory,49,46,2.04,0,0.0,1,11.39,45.451
C1,LateralSensory,49,57,2.04,0,0.0,1,29.582,52.627
C1,LateralSensory,49,36,2.53,0,0.0,1,92.145,23.79
C1,LateralSensory,49,51,2.4,0,0.0,1,11.39,52.627
C1,LateralSensory,49,64,2.53,0,0.0,0,91.289,52.627
C1,LateralSensory,49,41,3.046,0,0.0,0,92.145,52.627
C1,LateralSensory,49,48,2.828,1,0.333,1,0.0,52.627
C1,LateralSensory,49,58,2.828,0,0.0,0,nan,52.627
C1,LateralSensory,49,43,3.418,0,0.0,0,91.289,52.627
C1,LateralSensory,49,38,3.298,0,0.0,0,92.145,52.627
C1,LateralSensory,49,54,3.2,0,0.0,0,nan,52.627
C1,LateralSensory,49,63,3.298,0,0.0,0,nan,52.627
C1,LateralSensory,60,35,2.04,1,0.5,1,0.0,nan
C1,LateralSensory,60,42,1.265,1,0.5,1,0.0,nan
C1,LateralSensory,60,55,0.566,1,0.5,1,0.0,nan
C1,LateralSensory,60,47,1.789,1,0.5,1,0.0,nan
C1,LateralSensory,60,50,1.131,1,0.5,1,0.0,nan
C1,LateralSensory,60,61,0.8,1,0.5,1,0.0,nan
C1,LateralSensory,60,44,1.697,1,0.5,1,0.0,nan
C1,LateralSensory,60,56,1.265,1,0.5,1,0.0,nan
C1,LateralSensory,60,34,2.263,1,0.5,1,0.0,nan
C1,LateralSensory,60,52,1.789,1,0.5,1,0.0,nan
C1,LateralSensory,60,62,1.6,1,0.5,1,0.0,nan
C1,LateralSensory,60,39,2.828,1,0.5,1,0.0,nan
C1,LateralSensory,60,46,2.332,0,0.0,1,11.39,nan
C1,LateralSensory,60,57,2.04,0,0.0,1,29.582,nan
C1,LateralSensory,60,36,2.884,0,0.0,1,92.145,nan
C1,LateralSensory,60,51,2.53,0,0.0,1,11.39,nan
C1,LateralSensory,60,64,2.4,0,0.0,0,91.289,nan
C1,LateralSensory,60,41,3.441,0,0.0,0,92.145,nan
C1,LateralSensory,60,48,3.046,1,0.5,1,0.0,nan
C1,LateralSensory,60,58,2.828,0,0.0,0,nan,nan
C1,LateralSensory,60,43,3.774,0,0.0,0,91.289,nan
C1,LateralSensory,60,38,3.578,0,0.0,0,92.145,nan
C1,LateralSensory,60,54,3.298,0,0.0,0,nan,nan
C1,LateralSensory,60,63,3.2,0,0.0,0,nan,nan
C1,LateralSensory,35,42,0.8,1,1.0,1,0.0,0.0
C1,LateralSensory,35,55,1.6,1,1.0,1,0.0,0.0
C1,LateralSensory,35,47,0.566,1,1.0,1,0.0,0.0
C1,LateralSensory,35,50,1.265,1,0.333,1,0.0,85.678
C1,LateralSensory,35,61,2.04,1,1.0,1,0.0,0.0
C1,LateralSensory,35,44,1.131,1,1.0,1,0.0,0.0
C1,LateralSensory,35,56,1.789,1,1.0,1,0.0,0.0
C1,LateralSensory,35,34,1.265,1,1.0,1,0.0,0.0
C1,LateralSensory,35,52,1.697,1,1.0,1,0.0,0.0
C1,LateralSensory,35,62,2.332,1,1.0,1,0.0,0.0
C1,LateralSensory,35,39,1.6,1,1.0,1,0.0,0.0
C1,LateralSensory,35,46,1.789,1,0.333,1,11.39,0.0
C1,LateralSensory,35,57,2.263,0,0.0,1,29.582,85.678
C1,LateralSensory,35,36,2.04,0,0.0,1,92.145,21.765
C1,LateralSensory,35,51,2.332,0,0.0,1,11.39,85.678
C1,LateralSensory,35,64,2.828,0,0.0,0,91.289,85.678
C1,LateralSensory,35,41,2.4,0,0.0,0,92.145,85.678
C1,LateralSensory,35,48,2.53,1,0.333,1,0.0,85.678
C1,LateralSensory,35,58,2.884,0,0.0,0,nan,85.678
C1,LateralSensory,35,43,2.8,0,0.0,0,91.289,85.678
C1,LateralSensory,35,38,2.828,0,0.0,0,92.145,85.678
C1,LateralSensory,35,54,3.046,0,0.0,0,nan,85.678
C1,LateralSensory,35,63,3.441,0,0.0,0,nan,85.678
C1,LateralSensory,42,55,0.8,1,1.0,1,0.0,0.0
C1,LateralSensory,42,47,0.566,1,1.0,1,0.0,0.0
C1,LateralSensory,42,50,0.566,1,0.333,1,0.0,85.678
C1,LateralSensory,42,61,1.265,1,1.0,1,0.0,0.0
C1,LateralSensory,42,44,0.8,1,1.0,1,0.0,0.0
C1,LateralSensory,42,56,1.131,1,1.0,1,0.0,0.0
C1,LateralSensory,42,34,1.265,1,1.0,1,0.0,0.0
C1,LateralSensory,42,52,1.265,1,1.0,1,0.0,0.0
C1,LateralSensory,42,62,1.697,1,1.0,1,0.0,0.0
C1,LateralSensory,42,39,1.789,1,1.0,1,0.0,0.0
C1,LateralSensory,42,46,1.6,1,0.333,1,11.39,0.0
C1,LateralSensory,42,57,1.789,0,0.0,1,29.582,85.678
C1,LateralSensory,42,36,2.04,0,0.0,1,92.145,21.765
C1,LateralSensory,42,51,2.04,0,0.0,1,11.39,85.678
C1,LateralSensory,42,64,2.332,0,0.0,0,91.289,85.678
C1,LateralSensory,42,41,2.53,0,0.0,0,92.145,85.678
C1,LateralSensory,42,48,2.4,1,0.333,1,0.0,85.678
C1,LateralSensory,42,58,2.53,0,0.0,0,nan,85.678
C1,LateralSensory,42,43,2.912,0,0.0,0,91.289,85.678
C1,LateralSensory,42,38,2.828,0,0.0,0,92.145,85.678
C1,LateralSensory,42,54,2.828,0,0.0,0,nan,85.678
C1,LateralSensory,42,63,3.046,0,0.0,0,nan,85.678
C1,LateralSensory,55,47,1.265,1,1.0,1,0.0,0.0
C1,LateralSensory,55,50,0.566,1,0.333,1,0.0,85.678
C1,LateralSensory,55,61,0.566,1,1.0,1,0.0,0.0
C1,LateralSensory,55,44,1.131,1,1.0,1,0.0,0.0
C1,LateralSensory,55,56,0.8,1,1.0,1,0.0,0.0
C1,LateralSensory,55,34,1.697,1,1.0,1,0.0,0.0
C1,LateralSensory,55,52,1.265,1,1.0,1,0.0,0.0
C1,LateralSensory,55,62,1.265,1,1.0,1,0.0,0.0
C1,LateralSensory,55,39,2.263,1,1.0,1,0.0,0.0
C1,LateralSensory,55,46,1.789,1,0.333,1,11.39,0.0
C1,LateralSensory,55,57,1.6,0,0.0,1,29.582,85.678
C1,LateralSensory,55,36,2.332,0,0.0,1,92.145,21.765
C1,LateralSensory,55,51,2.04,0,0.0,1,11.39,85.678
C1,LateralSensory,55,64,2.04,0,0.0,0,91.289,85.678
C1,LateralSensory,55,41,2.884,0,0.0,0,92.145,85.678
C1,LateralSensory,55,48,2.53,1,0.333,1,0.0,85.678
C1,LateralSensory,55,58,2.4,0,0.0,0,nan,85.678
C1,LateralSensory,55,43,3.225,0,0.0,0,91.289,85.678
C1,LateralSensory,55,38,3.046,0,0.0,0,92.145,85.678
C1,LateralSensory,55,54,2.828,0,0.0,0,nan,85.678
C1,LateralSensory,55,63,2.828,0,0.0,0,nan,85.678
C1,LateralSensory,47,50,0.8,1,0.333,1,0.0,85.678
C1,LateralSensory,47,61,1.6,1,1.0,1,0.0,0.0
C1,LateralSensory,47,44,0.566,1,1.0,1,0.0,0.0
C1,LateralSensory,47,56,1.265,1,1.0,1,0.0,0.0
C1,LateralSensory,47,34,0.8,1,1.0,1,0.0,0.0
C1,LateralSensory,47,52,1.131,1,1.0,1,0.0,0.0
C1,LateralSensory,47,62,1.789,1,1.0,1,0.0,0.0
C1,LateralSensory,47,39,1.265,1,1.0,1,0.0,0.0
C1,LateralSensory,47,46,1.265,1,0.333,1,11.39,0.0
C1,LateralSensory,47,57,1.697,0,0.0,1,29.582,85.678
C1,LateralSensory,47,36,1.6,0,0.0,1,92.145,21.765
C1,LateralSensory,47,51,1.789,0,0.0,1,11.39,85.678
C1,LateralSensory,47,64,2.263,0,0.0,0,91.289,85.678
C1,LateralSensory,47,41,2.04,0,0.0,0,92.145,85.678
C1,LateralSensory,47,48,2.04,1,0.333,1,0.0,85.678
C1,LateralSensory,47,58,2.332,0,0.0,0,nan,85.678
C1,LateralSensory,47,43,2.433,0,0.0,0,91.289,85.678
C1,LateralSensory,47,38,2.4,0,0.0,0,92.145,85.678
C1,LateralSensory,47,54,2.53,0,0.0,0,nan,85.678
C1,LateralSensory,47,63,2.884,0,0.0,0,nan,85.678
C1,LateralSensory,50,61,0.8,1,0.333,1,0.0,85.678
C1,LateralSensory,50,44,0.566,1,0.333,1,0.0,85.678
C1,LateralSensory,50,56,0.566,1,0.333,1,0.0,85.678
C1,LateralSensory,50,34,1.131,1,0.333,1,0.0,85.678
C1,LateralSensory,50,52,0.8,1,0.333,1,0.0,85.678
C1,LateralSensory,50,62,1.131,1,0.333,1,0.0,85.678
C1,LateralSensory,50,39,1.697,1,0.333,1,0.0,85.678
C1,LateralSensory,50,46,1.265,0,0.0,1,11.39,85.678
C1,LateralSensory,50,57,1.265,1,0.333,1,29.582,0.0
C1,LateralSensory,50,36,1.789,0,0.0,1,92.145,67.129
C1,LateralSensory,50,51,1.6,1,0.333,1,11.39,0.0
C1,LateralSensory,50,64,1.789,1,0.333,1,91.289,0.0
C1,LateralSensory,50,41,2.332,1,0.333,1,92.145,0.0
C1,LateralSensory,50,48,2.04,1,1.0,1,0.0,0.0
C1,LateralSensory,50,58,2.04,1,0.5,1,nan,0.0
C1,LateralSensory,50,43,2.683,1,0.333,1,91.289,0.0
C1,LateralSensory,50,38,2.53,1,0.333,1,92.145,0.0
C1,LateralSensory,50,54,2.4,1,0.5,1,nan,0.0
C1,LateralSensory,50,63,2.53,1,0.5,1,nan,0.0
C1,LateralSensory,61,44,1.265,1,1.0,1,0.0,0.0
C1,LateralSensory,61,56,0.566,1,1.0,1,0.0,0.0
C1,LateralSensory,61,34,1.789,1,1.0,1,0.0,0.0
C1,LateralSensory,61,52,1.131,1,1.0,1,0.0,0.0
C1,LateralSensory,61,62,0.8,1,1.0,1,0.0,0.0
C1,LateralSensory,61,39,2.332,1,1.0,1,0.0,0.0
C1,LateralSensory,61,46,1.697,1,0.333,1,11.39,0.0
C1,LateralSensory,61,57,1.265,0,0.0,1,29.582,85.678
C1,LateralSensory,61,36,2.263,0,0.0,1,92.145,21.765
C1,LateralSensory,61,51,1.789,0,0.0,1,11.39,85.678
C1,LateralSensory,61,64,1.6,0,0.0,0,91.289,85.678
C1,LateralSensory,61,41,2.828,0,0.0,0,92.145,85.678
C1,LateralSensory,61,48,2.332,1,0.333,1,0.0,85.678
C1,LateralSensory,61,58,2.04,0,0.0,0,nan,85.678
C1,LateralSensory,61,43,3.124,0,0.0,0,91.289,85.678
C1,LateralSensory,61,38,2.884,0,0.0,0,92.145,85.678
C1,LateralSensory,61,54,2.53,0,0.0,0,nan,85.678
C1,LateralSensory,61,63,2.4,0,0.0,0,nan,85.678
C1,LateralSensory,44,56,0.8,1,1.0,1,0.0,0.0
C1,LateralSensory,44,34,0.566,1,1.0,1,0.0,0.0
C1,LateralSensory,44,52,0.566,1,1.0,1,0.0,0.0
C1,LateralSensory,44,62,1.265,1,1.0,1,0.0,0.0
C1,LateralSensory,44,39,1.131,1,1.0,1,0.0,0.0
C1,LateralSensory,44,46,0.8,1,0.333,1,11.39,0.0
C1,LateralSensory,44,57,1.131,0,0.0,1,29.582,85.678
C1,LateralSensory,44,36,1.265,0,0.0,1,92.145,21.765
C1,LateralSensory,44,51,1.265,0,0.0,1,11.39,85.678
C1,LateralSensory,44,64,1.697,0,0.0,0,91.289,85.678
C1,LateralSensory,44,41,1.789,0,0.0,0,92.145,85.678
C1,LateralSensory,44,48,1.6,1,0.333,1,0.0,85.678
C1,LateralSensory,44,58,1.789,0,0.0,0,nan,85.678
C1,LateralSensory,44,43,2.154,0,0.0,0,91.289,85.678
C1,LateralSensory,44,38,2.04,0,0.0,0,92.145,85.678
C1,LateralSensory,44,54,2.04,0,0.0,0,nan,85.678
C1,LateralSensory,44,63,2.332,0,0.0,0,nan,85.678
C1,LateralSensory,56,34,1.265,1,1.0,1,0.0,0.0
C1,LateralSensory,56,52,0.566,1,1.0,1,0.0,0.0
C1,LateralSensory,56,62,0.566,1,1.0,1,0.0,0.0
C1,LateralSensory,56,39,1.789,1,1.0,1,0.0,0.0
C1,LateralSensory,56,46,1.131,1,0.333,1,11.39,0.0
C1,LateralSensory,56,57,0.8,0,0.0,1,29.582,85.678
C1,LateralSensory,56,36,1.697,0,0.0,1,92.145,21.765
C1,LateralSensory,56,51,1.265,0,0.0,1,11.39,85.678
C1,LateralSensory,56,64,1.265,0,0.0,0,91.289,85.678
C1,LateralSensory,56,41,2.263,0,0.0,0,92.145,85.678
C1,LateralSensory,56,48,1.789,1,0.333,1,0.0,85.678
C1,LateralSensory,56,58,1.6,0,0.0,0,nan,85.678
C1,LateralSensory,56,43,2.561,0,0.0,0,91.289,85.678
C1,LateralSensory,56,38,2.332,0,0.0,0,92.145,85.678
C1,LateralSensory,56,54,2.04,0,0.0,0,nan,85.678
C1,LateralSensory,56,63,2.04,0,0.0,0,nan,85.678
C1,LateralSensory,34,52,0.8,1,1.0,1,0.0,0.0
C1,LateralSensory,34,62,1.6,1,1.0,1,0.0,0.0
C1,LateralSensory,34,39,0.566,1,1.0,1,0.0,0.0
C1,LateralSensory,34,46,0.566,1,0.333,1,11.39,0.0
C1,LateralSensory,34,57,1.265,0,0.0,1,29.582,85.678
C1,LateralSensory,34,36,0.8,0,0.0,1,92.145,21.765
C1,LateralSensory,34,51,1.131,0,0.0,1,11.39,85.678
C1,LateralSensory,34,64,1.789,0,0.0,0,91.289,85.678
C1,LateralSensory,34,41,1.265,0,0.0,0,92.145,85.678
C1,LateralSensory,34,48,1.265,1,0.333,1,0.0,85.678
C1,LateralSensory,34,58,1.697,0,0.0,0,nan,85.678
C1,LateralSensory,34,43,1.649,0,0.0,0,91.289,85.678
C1,LateralSensory,34,38,1.6,0,0.0,0,92.145,85.678
C1,LateralSensory,34,54,1.789,0,0.0,0,nan,85.678
C1,LateralSensory,34,63,2.263,0,0.0,0,nan,85.678
C1,LateralSensory,52,62,0.8,1,1.0,1,0.0,0.0
C1,LateralSensory,52,39,1.265,1,1.0,1,0.0,0.0
C1,LateralSensory,52,46,0.566,1,0.333,1,11.39,0.0
C1,LateralSensory,52,57,0.566,0,0.0,1,29.582,85.678
C1,LateralSensory,52,36,1.131,0,0.0,1,92.145,21.765
C1,LateralSensory,52,51,0.8,0,0.0,1,11.39,85.678
C1,LateralSensory,52,64,1.131,0,0.0,0,91.289,85.678
C1,LateralSensory,52,41,1.697,0,0.0,0,92.145,85.678
C1,LateralSensory,52,48,1.265,1,0.333,1,0.0,85.678
C1,LateralSensory,52,58,1.265,0,0.0,0,nan,85.678
C1,LateralSensory,52,43,2.0,0,0.0,0,91.289,85.678
C1,LateralSensory,52,38,1.789,0,0.0,0,92.145,85.678
C1,LateralSensory,52,54,1.6,0,0.0,0,nan,85.678
C1,LateralSensory,52,63,1.789,0,0.0,0,nan,85.678
C1,LateralSensory,62,39,2.04,1,1.0,1,0.0,0.0
C1,LateralSensory,62,46,1.265,1,0.333,1,11.39,0.0
C1,LateralSensory,62,57,0.566,0,0.0,1,29.582,85.678
C1,LateralSensory,62,36,1.789,0,0.0,1,92.145,21.765
C1,LateralSensory,62,51,1.131,0,0.0,1,11.39,85.678
C1,LateralSensory,62,64,0.8,0,0.0,0,91.289,85.678
C1,LateralSensory,62,41,2.332,0,0.0,0,92.145,85.678
C1,LateralSensory,62,48,1.697,1,0.333,1,0.0,85.678
C1,LateralSensory,62,58,1.265,0,0.0,0,nan,85.678
C1,LateralSensory,62,43,2.561,0,0.0,0,91.289,85.678
C1,LateralSensory,62,38,2.263,0,0.0,0,92.145,85.678
C1,LateralSensory,62,54,1.789,0,0.0,0,nan,85.678
C1,LateralSensory,62,63,1.6,0,0.0,0,nan,85.678
C1,LateralSensory,39,46,0.8,1,0.333,1,11.39,0.0
C1,LateralSensory,39,57,1.6,0,0.0,1,29.582,85.678
C1,LateralSensory,39,36,0.566,0,0.0,1,92.145,21.765
C1,LateralSensory,39,51,1.265,0,0.0,1,11.39,85.678
C1,LateralSensory,39,64,2.04,0,0.0,0,91.289,85.678
C1,LateralSensory,39,41,0.8,0,0.0,0,92.145,85.678
C1,LateralSensory,39,48,1.131,1,0.333,1,0.0,85.678
C1,LateralSensory,39,58,1.789,0,0.0,0,nan,85.678
C1,LateralSensory,39,43,1.2,0,0.0,0,91.289,85.678
C1,LateralSensory,39,38,1.265,0,0.0,0,92.145,85.678
C1,LateralSensory,39,54,1.697,0,0.0,0,nan,85.678
C1,LateralSensory,39,63,2.332,0,0.0,0,nan,85.678
C1,LateralSensory,46,57,0.8,0,0.0,1,18.195,85.678
C1,LateralSensory,46,36,0.566,0,0.0,1,82.88,21.765
C1,LateralSensory,46,51,0.566,1,0.333,1,0.0,85.678
C1,LateralSensory,46,64,1.265,0,0.0,0,83.095,85.678
C1,LateralSensory,46,41,1.131,0,0.0,0,82.88,85.678
C1,LateralSensory,46,48,0.8,0,0.0,1,11.39,85.678
C1,LateralSensory,46,58,1.131,0,0.0,0,nan,85.678
C1,LateralSensory,46,43,1.442,0,0.0,0,83.095,85.678
C1,LateralSensory,46,38,1.265,0,0.0,0,82.88,85.678
C1,LateralSensory,46,54,1.265,0,0.0,0,nan,85.678
C1,LateralSensory,46,63,1.697,0,0.0,0,nan,85.678
C1,LateralSensory,57,36,1.265,0,0.0,1,69.879,67.129
C1,LateralSensory,57,51,0.566,1,0.333,1,18.195,0.0
C1,LateralSensory,57,64,0.566,1,0.333,1,72.379,0.0
C1,LateralSensory,57,41,1.789,1,0.333,1,69.879,0.0
C1,LateralSensory,57,48,1.131,1,0.333,1,29.582,0.0
C1,LateralSensory,57,58,0.8,1,0.5,1,nan,0.0
C1,LateralSensory,57,43,2.0,1,0.333,1,72.379,0.0
C1,LateralSensory,57,38,1.697,1,0.333,1,69.879,0.0
C1,LateralSensory,57,54,1.265,1,0.5,1,nan,0.0
C1,LateralSensory,57,63,1.265,1,0.5,1,nan,0.0
C1,LateralSensory,36,51,0.8,0,0.0,1,82.88,67.129
C1,LateralSensory,36,64,1.6,0,0.0,1,12.823,67.129
C1,LateralSensory,36,41,0.566,1,0.333,1,0.0,67.129
C1,LateralSensory,36,48,0.566,0,0.0,1,92.145,67.129
C1,LateralSensory,36,58,1.265,0,0.0,1,nan,67.129
C1,LateralSensory,36,43,0.894,0,0.0,1,12.823,67.129
C1,LateralSensory,36,38,0.8,1,0.333,1,0.0,67.129
C1,LateralSensory,36,54,1.131,0,0.0,1,nan,67.129
C1,LateralSensory,36,63,1.789,0,0.0,1,nan,67.129
C1,LateralSensory,51,64,0.8,1,0.333,1,83.095,0.0
C1,LateralSensory,51,41,1.265,1,0.333,1,82.88,0.0
C1,LateralSensory,51,48,0.566,1,0.333,1,11.39,0.0
C1,LateralSensory,51,58,0.566,1,0.5,1,nan,0.0
C1,LateralSensory,51,43,1.442,1,0.333,1,83.095,0.0
C1,LateralSensory,51,38,1.131,1,0.333,1,82.88,0.0
C1,LateralSensory,51,54,0.8,1,0.5,1,nan,0.0
C1,LateralSensory,51,63,1.131,1,0.5,1,nan,0.0
C1,LateralSensory,64,41,2.04,1,0.333,1,12.823,0.0
C1,LateralSensory,64,48,1.265,1,0.333,1,91.289,0.0
C1,LateralSensory,64,58,0.566,1,0.5,1,nan,0.0
C1,LateralSensory,64,43,2.154,1,1.0,1,0.0,0.0
C1,LateralSensory,64,38,1.789,1,0.333,1,12.823,0.0
C1,LateralSensory,64,54,1.131,1,0.5,1,nan,0.0
C1,LateralSensory,64,63,0.8,1,0.5,1,nan,0.0
C1,LateralSensory,41,48,0.8,1,0.333,1,92.145,0.0
C1,LateralSensory,41,58,1.6,1,0.5,1,nan,0.0
C1,LateralSensory,41,43,0.4,1,0.333,1,12.823,0.0
C1,LateralSensory,41,38,0.566,1,1.0,1,0.0,0.0
C1,LateralSensory,41,54,1.265,1,0.5,1,nan,0.0
C1,LateralSensory,41,63,2.04,1,0.5,1,nan,0.0
C1,LateralSensory,48,58,0.8,1,0.5,1,nan,0.0
C1,LateralSensory,48,43,0.894,1,0.333,1,91.289,0.0
C1,LateralSensory,48,38,0.566,1,0.333,1,92.145,0.0
C1,LateralSensory,48,54,0.566,1,0.5,1,nan,0.0
C1,LateralSensory,48,63,1.265,1,0.5,1,nan,0.0
C1,LateralSensory,58,43,1.649,1,0.5,1,nan,0.0
C1,LateralSensory,58,38,1.265,1,0.5,1,nan,0.0
C1,LateralSensory,58,54,0.566,1,1.0,1,nan,0.0
C1,LateralSensory,58,63,0.566,1,1.0,1,nan,0.0
C1,LateralSensory,43,38,0.4,1,0.333,1,12.823,0.0
C1,LateralSensory,43,54,1.2,1,0.5,1,nan,0.0
C1,LateralSensory,43,63,2.0,1,0.5,1,nan,0.0
C1,LateralSensory,38,54,0.8,1,0.5,1,nan,0.0
C1,LateralSensory,38,63,1.6,1,0.5,1,nan,0.0
C1,LateralSensory,54,63,0.8,1,1.0,1,nan,0.0
C1,MedialSensory,1,8,0.8,1,0.333,1,36.759,0.0
C1,MedialSensory,1,21,1.6,0,0.0,1,33.744,nan
C1,MedialSensory,1,27,2.0,0,0.0,0,41.347,33.207
C1,MedialSensory,1,13,0.566,1,1.0,1,0.0,0.0
C1,MedialSensory,1,17,1.265,0,0.0,0,36.759,33.207
C1,MedialSensory,1,28,2.04,0,0.0,0,nan,33.207
C1,MedialSensory,1,3,0.8,1,0.333,1,49.807,0.0
C1,MedialSensory,1,10,1.131,1,0.333,1,0.0,33.207
C1,MedialSensory,1,23,1.789,0,0.0,0,36.759,33.207
C1,MedialSensory,1,15,1.265,1,0.333,1,49.807,0.0
C1,MedialSensory,1,18,1.697,1,0.333,1,13.65,0.0
C1,MedialSensory,1,29,2.332,1,0.333,1,13.65,0.0
C1,MedialSensory,1,5,1.6,0,0.0,0,49.807,nan
C1,MedialSensory,1,12,1.789,1,1.0,1,0.0,0.0
C1,MedialSensory,1,24,2.263,0,0.0,0,nan,33.207
C1,MedialSensory,1,2,2.04,0,0.0,0,49.807,38.351
C1,MedialSensory,1,20,2.332,1,1.0,1,0.0,0.0
C1,MedialSensory,1,30,2.828,0,0.0,0,nan,33.207
C1,MedialSensory,1,7,2.4,0,0.0,0,49.807,38.351
C1,MedialSensory,1,14,2.53,1,0.333,1,51.734,0.0
C1,MedialSensory,1,25,2.884,0,0.0,1,13.65,26.27
C1,MedialSensory,1,4,2.828,0,0.0,0,49.807,38.351
C1,MedialSensory,1,19,3.046,0,0.0,1,13.65,38.351
C1,MedialSensory,1,9,3.2,0,0.0,0,51.734,38.351
C1,MedialSensory,1,16,3.298,0,0.0,0,49.807,38.351
C1,MedialSensory,1,26,3.578,0,0.0,1,13.65,26.27
C1,MedialSensory,1,11,3.6,0,0.0,0,51.734,38.351
C1,MedialSensory,1,6,3.622,0,0.0,0,51.734,38.351
C1,MedialSensory,1,22,3.795,1,0.333,1,13.65,0.0
C1,MedialSensory,1,31,4.118,0,0.0,1,13.65,26.27
C1,MedialSensory,8,21,0.8,0,0.0,1,43.714,nan
C1,MedialSensory,8,27,1.2,0,0.0,1,12.968,33.207
C1,MedialSensory,8,13,0.566,1,0.333,1,36.759,0.0
C1,MedialSensory,8,17,0.566,1,0.333,1,0.0,33.207
C1,MedialSensory,8,28,1.265,0,0.0,1,nan,33.207
C1,MedialSensory,8,3,1.131,1,0.333,1,82.612,0.0
C1,MedialSensory,8,10,0.8,0,0.0,1,36.759,33.207
C1,MedialSensory,8,23,1.131,1,0.333,1,0.0,33.207
C1,MedialSensory,8,15,1.265,1,0.333,1,82.612,0.0
C1,MedialSensory,8,18,1.265,1,0.333,1,36.571,0.0
C1,MedialSensory,8,29,1.697,1,0.333,1,36.571,0.0
C1,MedialSensory,8,5,1.789,0,0.0,0,82.612,nan
C1,MedialSensory,8,12,1.6,1,0.333,1,36.759,0.0
C1,MedialSensory,8,24,1.789,0,0.0,1,nan,33.207
C1,MedialSensory,8,2,2.04,0,0.0,0,82.612,38.351
C1,MedialSensory,8,20,2.04,1,0.333,1,36.759,0.0
C1,MedialSensory,8,30,2.332,0,0.0,1,nan,33.207
C1,MedialSensory,8,7,2.53,0,0.0,0,82.612,38.351
C1,MedialSensory,8,14,2.4,1,0.333,1,81.109,0.0
C1,MedialSensory,8,25,2.53,0,0.0,1,36.571,26.27
C1,MedialSensory,8,4,2.828,0,0.0,0,82.612,38.351
C1,MedialSensory,8,19,2.828,0,0.0,1,36.571,38.351
C1,MedialSensory,8,9,3.298,0,0.0,0,81.109,38.351
C1,MedialSensory,8,16,3.2,0,0.0,0,82.612,38.351
C1,MedialSensory,8,26,3.298,0,0.0,1,36.571,26.27
C1,MedialSensory,8,11,3.688,0,0.0,0,81.109,38.351
C1,MedialSensory,8,6,3.622,0,0.0,0,81.109,38.351
C1,MedialSensory,8,22,3.622,1,0.333,1,36.571,0.0
C1,MedialSensory,8,31,3.795,0,0.0,1,36.571,26.27
C1,MedialSensory,21,27,0.4,0,0.0,0,37.344,nan
C1,MedialSensory,21,13,1.265,0,0.0,1,33.744,nan
C1,MedialSensory,21,17,0.566,0,0.0,0,43.714,nan
C1,MedialSensory,21,28,0.566,0,0.0,0,nan,nan
C1,MedialSensory,21,3,1.789,0,0.0,1,48.758,nan
C1,MedialSensory,21,10,1.131,0,0.0,1,33.744,nan
C1,MedialSensory,21,23,0.8,0,0.0,0,43.714,nan
C1,MedialSensory,21,15,1.697,0,0.0,1,48.758,nan
C1,MedialSensory,21,18,1.265,0,0.0,1,20.108,nan
C1,MedialSensory,21,29,1.265,0,0.0,1,20.108,nan
C1,MedialSensory,21,5,2.263,0,0.0,0,48.758,nan
C1,MedialSensory,21,12,1.789,0,0.0,1,33.744,nan
C1,MedialSensory,21,24,1.6,0,0.0,0,nan,nan
C1,MedialSensory,21,2,2.332,0,0.0,0,48.758,nan
C1,MedialSensory,21,20,2.04,0,0.0,1,33.744,nan
C1,MedialSensory,21,30,2.04,0,0.0,0,nan,nan
C1,MedialSensory,21,7,2.884,0,0.0,0,48.758,nan
C1,MedialSensory,21,14,2.53,0,0.0,1,42.936,nan
C1,MedialSensory,21,25,2.4,0,0.0,1,20.108,nan
C1,MedialSensory,21,4,3.046,0,0.0,0,48.758,nan
C1,MedialSensory,21,19,2.828,0,0.0,1,20.108,nan
C1,MedialSensory,21,9,3.578,0,0.0,0,42.936,nan
C1,MedialSensory,21,16,3.298,0,0.0,0,48.758,nan
C1,MedialSensory,21,26,3.2,0,0.0,1,20.108,nan
C1,MedialSensory,21,11,3.94,0,0.0,0,42.936,nan
C1,MedialSensory,21,6,3.795,0,0.0,0,42.936,nan
C1,MedialSensory,21,22,3.622,0,0.0,1,20.108,nan
C1,MedialSensory,21,31,3.622,0,0.0,1,20.108,nan
C1,MedialSensory,27,13,1.649,0,0.0,0,41.347,33.207
C1,MedialSensory,27,17,0.894,1,0.333,1,12.968,0.0
C1,MedialSensory,27,28,0.4,1,0.5,1,nan,0.0
C1,MedialSensory,27,3,2.154,0,0.0,0,81.636,33.207
C1,MedialSensory,27,10,1.442,1,0.333,1,41.347,0.0
C1,MedialSensory,27,23,0.894,1,0.333,1,12.968,0.0
C1,MedialSensory,27,15,2.0,0,0.0,0,81.636,33.207
C1,MedialSensory,27,18,1.442,0,0.0,0,36.63,33.207
C1,MedialSensory,27,29,1.2,0,0.0,0,36.63,33.207
C1,MedialSensory,27,5,2.561,0,0.0,0,81.636,nan
C1,MedialSensory,27,12,2.0,0,0.0,0,41.347,33.207
C1,MedialSensory,27,24,1.649,1,0.5,1,nan,0.0
C1,MedialSensory,27,2,2.561,0,0.0,0,81.636,67.032
C1,MedialSensory,27,20,2.154,0,0.0,0,41.347,33.207
C1,MedialSensory,27,30,2.0,1,0.5,1,nan,0.0
C1,MedialSensory,27,7,3.124,0,0.0,0,81.636,67.032
C1,MedialSensory,27,14,2.683,0,0.0,0,78.367,33.207
C1,MedialSensory,27,25,2.433,0,0.0,0,36.63,34.533
C1,MedialSensory,27,4,3.225,0,0.0,0,81.636,67.032
C1,MedialSensory,27,19,2.912,0,0.0,0,36.63,67.032
C1,MedialSensory,27,9,3.774,0,0.0,0,78.367,67.032
C1,MedialSensory,27,16,3.418,0,0.0,0,81.636,67.032
C1,MedialSensory,27,26,3.225,0,0.0,0,36.63,34.533
C1,MedialSensory,27,11,4.118,0,0.0,0,78.367,67.032
C1,MedialSensory,27,6,3.94,0,0.0,0,78.367,67.032
C1,MedialSensory,27,22,3.688,0,0.0,0,36.63,33.207
C1,MedialSensory,27,31,3.6,0,0.0,0,36.63,34.533
C1,MedialSensory,13,17,0.8,0,0.0,0,36.759,33.207
C1,MedialSensory,13,28,1.6,0,0.0,0,nan,33.207
C1,MedialSensory,13,3,0.566,1,0.333,1,49.807,0.0
C1,MedialSensory,13,10,0.566,1,0.333,1,0.0,33.207
C1,MedialSensory,13,23,1.265,0,0.0,0,36.759,33.207
C1,MedialSensory,13,15,0.8,1,0.333,1,49.807,0.0
C1,MedialSensory,13,18,1.131,1,0.333,1,13.65,0.0
C1,MedialSensory,13,29,1.789,1,0.333,1,13.65,0.0
C1,MedialSensory,13,5,1.265,0,0.0,0,49.807,nan
C1,MedialSensory,13,12,1.265,1,1.0,1,0.0,0.0
C1,MedialSensory,13,24,1.697,0,0.0,0,nan,33.207
C1,MedialSensory,13,2,1.6,0,0.0,0,49.807,38.351
C1,MedialSensory,13,20,1.789,1,1.0,1,0.0,0.0
C1,MedialSensory,13,30,2.263,0,0.0,0,nan,33.207
C1,MedialSensory,13,7,2.04,0,0.0,0,49.807,38.351
C1,MedialSensory,13,14,2.04,1,0.333,1,51.734,0.0
C1,MedialSensory,13,25,2.332,0,0.0,1,13.65,26.27
C1,MedialSensory,13,4,2.4,0,0.0,0,49.807,38.351
C1,MedialSensory,13,19,2.53,0,0.0,1,13.65,38.351
C1,MedialSensory,13,9,2.828,0,0.0,0,51.734,38.351
C1,MedialSensory,13,16,2.828,0,0.0,0,49.807,38.351
C1,MedialSensory,13,26,3.046,0,0.0,1,13.65,26.27
C1,MedialSensory,13,11,3.225,0,0.0,0,51.734,38.351
C1,MedialSensory,13,6,3.2,0,0.0,0,51.734,38.351
C1,MedialSensory,13,22,3.298,1,0.333,1,13.65,0.0
C1,MedialSensory,13,31,3.578,0,0.0,1,13.65,26.27
C1,MedialSensory,17,28,0.8,1,0.5,1,nan,0.0
C1,MedialSensory,17,3,1.265,0,0.0,0,82.612,33.207
C1,MedialSensory,17,10,0.566,1,0.333,1,36.759,0.0
C1,MedialSensory,17,23,0.566,1,1.0,1,0.0,0.0
C1,MedialSensory,17,15,1.131,0,0.0,0,82.612,33.207
C1,MedialSensory,17,18,0.8,0,0.0,0,36.571,33.207
C1,MedialSensory,17,29,1.131,0,0.0,0,36.571,33.207
C1,MedialSensory,17,5,1.697,0,0.0,0,82.612,nan
C1,MedialSensory,17,12,1.265,0,0.0,0,36.759,33.207
C1,MedialSensory,17,24,1.265,1,0.5,1,nan,0.0
C1,MedialSensory,17,2,1.789,0,0.0,0,82.612,67.032
C1,MedialSensory,17,20,1.6,0,0.0,0,36.759,33.207
C1,MedialSensory,17,30,1.789,1,0.5,1,nan,0.0
C1,MedialSensory,17,7,2.332,0,0.0,0,82.612,67.032
C1,MedialSensory,17,14,2.04,0,0.0,0,81.109,33.207
C1,MedialSensory,17,25,2.04,0,0.0,0,36.571,34.533
C1,MedialSensory,17,4,2.53,0,0.0,0,82.612,67.032
C1,MedialSensory,17,19,2.4,0,0.0,0,36.571,67.032
C1,MedialSensory,17,9,3.046,0,0.0,0,81.109,67.032
C1,MedialSensory,17,16,2.828,0,0.0,0,82.612,67.032
C1,MedialSensory,17,26,2.828,0,0.0,0,36.571,34.533
C1,MedialSensory,17,11,3.418,0,0.0,0,81.109,67.032
C1,MedialSensory,17,6,3.298,0,0.0,0,81.109,67.032
C1,MedialSensory,17,22,3.2,0,0.0,0,36.571,33.207
C1,MedialSensory,17,31,3.298,0,0.0,0,36.571,34.533
C1,MedialSensory,28,3,2.04,0,0.0,0,nan,33.207
C1,MedialSensory,28,10,1.265,1,0.5,1,nan,0.0
C1,MedialSensory,28,23,0.566,1,0.5,1,nan,0.0
C1,MedialSensory,28,15,1.789,0,0.0,0,nan,33.207
C1,MedialSensory,28,18,1.131,0,0.0,0,nan,33.207
C1,MedialSensory,28,29,0.8,0,0.0,0,nan,33.207
C1,MedialSensory,28,5,2.332,0,0.0,0,nan,nan
C1,MedialSensory,28,12,1.697,0,0.0,0,nan,33.207
C1,MedialSensory,28,24,1.265,1,1.0,1,nan,0.0
C1,MedialSensory,28,2,2.263,0,0.0,0,nan,67.032
C1,MedialSensory,28,20,1.789,0,0.0,0,nan,33.207
C1,MedialSensory,28,30,1.6,1,1.0,1,nan,0.0
C1,MedialSensory,28,7,2.828,0,0.0,0,nan,67.032
C1,MedialSensory,28,14,2.332,0,0.0,0,nan,33.207
C1,MedialSensory,28,25,2.04,0,0.0,0,nan,34.533
C1,MedialSensory,28,4,2.884,0,0.0,0,nan,67.032
C1,MedialSensory,28,19,2.53,0,0.0,0,nan,67.032
C1,MedialSensory,28,9,3.441,0,0.0,0,nan,67.032
C1,MedialSensory,28,16,3.046,0,0.0,0,nan,67.032
C1,MedialSensory,28,26,2.828,0,0.0,0,nan,34.533
C1,MedialSensory,28,11,3.774,0,0.0,0,nan,67.032
C1,MedialSensory,28,6,3.578,0,0.0,0,nan,67.032
C1,MedialSensory,28,22,3.298,0,0.0,0,nan,33.207
C1,MedialSensory,28,31,3.2,0,0.0,0,nan,34.533
C1,MedialSensory,3,10,0.8,0,0.0,1,49.807,33.207
C1,MedialSensory,3,23,1.6,0,0.0,0,82.612,33.207
C1,MedialSensory,3,15,0.566,1,1.0,1,0.0,0.0
C1,MedialSensory,3,18,1.265,1,0.333,1,46.054,0.0
C1,MedialSensory,3,29,2.04,1,0.333,1,46.054,0.0
C1,MedialSensory,3,5,0.8,1,0.5,1,0.0,nan
C1,MedialSensory,3,12,1.131,1,0.333,1,49.807,0.0
C1,MedialSensory,3,24,1.789,0,0.0,0,nan,33.207
C1,MedialSensory,3,2,1.265,1,0.333,1,0.0,38.351
C1,MedialSensory,3,20,1.697,1,0.333,1,49.807,0.0
C1,MedialSensory,3,30,2.332,0,0.0,0,nan,33.207
C1,MedialSensory,3,7,1.6,1,0.333,1,0.0,38.351
C1,MedialSensory,3,14,1.789,1,0.333,1,11.39,0.0
C1,MedialSensory,3,25,2.263,0,0.0,1,46.054,26.27
C1,MedialSensory,3,4,2.04,1,0.333,1,0.0,38.351
C1,MedialSensory,3,19,2.332,0,0.0,1,46.054,38.351
C1,MedialSensory,3,9,2.4,0,0.0,1,11.39,38.351
C1,MedialSensory,3,16,2.53,1,0.333,1,0.0,38.351
C1,MedialSensory,3,26,2.884,0,0.0,1,46.054,26.27
C1,MedialSensory,3,11,2.8,0,0.0,1,11.39,38.351
C1,MedialSensory,3,6,2.828,0,0.0,1,11.39,38.351
C1,MedialSensory,3,22,3.046,1,0.333,1,46.054,0.0
C1,MedialSensory,3,31,3.441,0,0.0,1,46.054,26.27
C1,MedialSensory,10,23,0.8,1,0.333,1,36.759,0.0
C1,MedialSensory,10,15,0.566,0,0.0,1,49.807,33.207
C1,MedialSensory,10,18,0.566,0,0.0,1,13.65,33.207
C1,MedialSensory,10,29,1.265,0,0.0,1,13.65,33.207
C1,MedialSensory,10,5,1.131,0,0.0,0,49.807,nan
C1,MedialSensory,10,12,0.8,1,0.333,1,0.0,33.207
C1,MedialSensory,10,24,1.131,1,0.5,1,nan,0.0
C1,MedialSensory,10,2,1.265,0,0.0,0,49.807,67.032
C1,MedialSensory,10,20,1.265,1,0.333,1,0.0,33.207
C1,MedialSensory,10,30,1.697,1,0.5,1,nan,0.0
C1,MedialSensory,10,7,1.789,0,0.0,0,49.807,67.032
C1,MedialSensory,10,14,1.6,0,0.0,1,51.734,33.207
C1,MedialSensory,10,25,1.789,0,0.0,1,13.65,34.533
C1,MedialSensory,10,4,2.04,0,0.0,0,49.807,67.032
C1,MedialSensory,10,19,2.04,0,0.0,1,13.65,67.032
C1,MedialSensory,10,9,2.53,0,0.0,0,51.734,67.032
C1,MedialSensory,10,16,2.4,0,0.0,0,49.807,67.032
C1,MedialSensory,10,26,2.53,0,0.0,1,13.65,34.533
C1,MedialSensory,10,11,2.912,0,0.0,0,51.734,67.032
C1,MedialSensory,10,6,2.828,0,0.0,0,51.734,67.032
C1,MedialSensory,10,22,2.828,0,0.0,1,13.65,33.207
C1,MedialSensory,10,31,3.046,0,0.0,1,13.65,34.533
C1,MedialSensory,23,15,1.265,0,0.0,0,82.612,33.207
C1,MedialSensory,23,18,0.566,0,0.0,0,36.571,33.207
C1,MedialSensory,23,29,0.566,0,0.0,0,36.571,33.207
C1,MedialSensory,23,5,1.789,0,0.0,0,82.612,nan
C1,MedialSensory,23,12,1.131,0,0.0,0,36.759,33.207
C1,MedialSensory,23,24,0.8,1,0.5,1,nan,0.0
C1,MedialSensory,23,2,1.697,0,0.0,0,82.612,67.032
C1,MedialSensory,23,20,1.265,0,0.0,0,36.759,33.207
C1,MedialSensory,23,30,1.265,1,0.5,1,nan,0.0
C1,MedialSensory,23,7,2.263,0,0.0,0,82.612,67.032
C1,MedialSensory,23,14,1.789,0,0.0,0,81.109,33.207
C1,MedialSensory,23,25,1.6,0,0.0,0,36.571,34.533
C1,MedialSensory,23,4,2.332,0,0.0,0,82.612,67.032
C1,MedialSensory,23,19,2.04,0,0.0,0,36.571,67.032
C1,MedialSensory,23,9,2.884,0,0.0,0,81.109,67.032
C1,MedialSensory,23,16,2.53,0,0.0,0,82.612,67.032
C1,MedialSensory,23,26,2.4,0,0.0,0,36.571,34.533
C1,MedialSensory,23,11,3.225,0,0.0,0,81.109,67.032
C1,MedialSensory,23,6,3.046,0,0.0,0,81.109,67.032
C1,MedialSensory,23,22,2.828,0,0.0,0,36.571,33.207
C1,MedialSensory,23,31,2.828,0,0.0,0,36.571,34.533
C1,MedialSensory,15,18,0.8,1,0.333,1,46.054,0.0
C1,MedialSensory,15,29,1.6,1,0.333,1,46.054,0.0
C1,MedialSensory,15,5,0.566,1,0.5,1,0.0,nan
C1,MedialSensory,15,12,0.566,1,0.333,1,49.807,0.0
C1,MedialSensory,15,24,1.265,0,0.0,0,nan,33.207
C1,MedialSensory,15,2,0.8,1,0.333,1,0.0,38.351
C1,MedialSensory,15,20,1.131,1,0.333,1,49.807,0.0
C1,MedialSensory,15,30,1.789,0,0.0,0,nan,33.207
C1,MedialSensory,15,7,1.265,1,0.333,1,0.0,38.351
C1,MedialSensory,15,14,1.265,1,0.333,1,11.39,0.0
C1,MedialSensory,15,25,1.697,0,0.0,1,46.054,26.27
C1,MedialSensory,15,4,1.6,1,0.333,1,0.0,38.351
C1,MedialSensory,15,19,1.789,0,0.0,1,46.054,38.351
C1,MedialSensory,15,9,2.04,0,0.0,1,11.39,38.351
C1,MedialSensory,15,16,2.04,1,0.333,1,0.0,38.351
C1,MedialSensory,15,26,2.332,0,0.0,1,46.054,26.27
C1,MedialSensory,15,11,2.433,0,0.0,1,11.39,38.351
C1,MedialSensory,15,6,2.4,0,0.0,1,11.39,38.351
C1,MedialSensory,15,22,2.53,1,0.333,1,46.054,0.0
C1,MedialSensory,15,31,2.884,0,0.0,1,46.054,26.27
C1,MedialSensory,18,29,0.8,1,1.0,1,0.0,0.0
C1,MedialSensory,18,5,1.265,0,0.0,0,46.054,nan
C1,MedialSensory,18,12,0.566,1,0.333,1,13.65,0.0
C1,MedialSensory,18,24,0.566,0,0.0,0,nan,33.207
C1,MedialSensory,18,2,1.131,0,0.0,0,46.054,38.351
C1,MedialSensory,18,20,0.8,1,0.333,1,13.65,0.0
C1,MedialSensory,18,30,1.131,0,0.0,0,nan,33.207
C1,MedialSensory,18,7,1.697,0,0.0,0,46.054,38.351
C1,MedialSensory,18,14,1.265,1,0.333,1,45.001,0.0
C1,MedialSensory,18,25,1.265,1,0.333,1,0.0,26.27
C1,MedialSensory,18,4,1.789,0,0.0,0,46.054,38.351
C1,MedialSensory,18,19,1.6,1,0.333,1,0.0,38.351
C1,MedialSensory,18,9,2.332,0,0.0,0,45.001,38.351
C1,MedialSensory,18,16,2.04,0,0.0,0,46.054,38.351
C1,MedialSensory,18,26,2.04,1,0.333,1,0.0,26.27
C1,MedialSensory,18,11,2.683,0,0.0,0,45.001,38.351
C1,MedialSensory,18,6,2.53,0,0.0,0,45.001,38.351
C1,MedialSensory,18,22,2.4,1,1.0,1,0.0,0.0
C1,MedialSensory,18,31,2.53,1,0.333,1,0.0,26.27
C1,MedialSensory,29,5,2.04,0,0.0,0,46.054,nan
C1,MedialSensory,29,12,1.265,1,0.333,1,13.65,0.0
C1,MedialSensory,29,24,0.566,0,0.0,0,nan,33.207
C1,MedialSensory,29,2,1.789,0,0.0,0,46.054,38.351
C1,MedialSensory,29,20,1.131,1,0.333,1,13.65,0.0
C1,MedialSensory,29,30,0.8,0,0.0,0,nan,33.207
C1,MedialSensory,29,7,2.332,0,0.0,0,46.054,38.351
C1,MedialSensory,29,14,1.697,1,0.333,1,45.001,0.0
C1,MedialSensory,29,25,1.265,1,0.333,1,0.0,26.27
C1,MedialSensory,29,4,2.263,0,0.0,0,46.054,38.351
C1,MedialSensory,29,19,1.789,1,0.333,1,0.0,38.351
C1,MedialSensory,29,9,2.828,0,0.0,0,45.001,38.351
C1,MedialSensory,29,16,2.332,0,0.0,0,46.054,38.351
C1,MedialSensory,29,26,2.04,1,0.333,1,0.0,26.27
C1,MedialSensory,29,11,3.124,0,0.0,0,45.001,38.351
C1,MedialSensory,29,6,2.884,0,0.0,0,45.001,38.351
C1,MedialSensory,29,22,2.53,1,1.0,1,0.0,0.0
C1,MedialSensory,29,31,2.4,1,0.333,1,0.0,26.27
C1,MedialSensory,5,12,0.8,0,0.0,0,49.807,nan
C1,MedialSensory,5,24,1.6,0,0.0,0,nan,nan
C1,MedialSensory,5,2,0.566,1,0.5,1,0.0,nan
C1,MedialSensory,5,20,1.265,0,0.0,0,49.807,nan
C1,MedialSensory,5,30,2.04,0,0.0,0,nan,nan
C1,MedialSensory,5,7,0.8,1,0.5,1,0.0,nan
C1,MedialSensory,5,14,1.131,0,0.0,1,11.39,nan
C1,MedialSensory,5,25,1.789,0,0.0,0,46.054,nan
C1,MedialSensory,5,4,1.265,1,0.5,1,0.0,nan
C1,MedialSensory,5,19,1.697,0,0.0,1,46.054,nan
C1,MedialSensory,5,9,1.6,0,0.0,1,11.39,nan
C1,MedialSensory,5,16,1.789,1,0.5,1,0.0,nan
C1,MedialSensory,5,26,2.263,0,0.0,0,46.054,nan
C1,MedialSensory,5,11,2.0,0,0.0,1,11.39,nan
C1,MedialSensory,5,6,2.04,0,0.0,1,11.39,nan
C1,MedialSensory,5,22,2.332,0,0.0,0,46.054,nan
C1,MedialSensory,5,31,2.828,0,0.0,0,46.054,nan
C1,MedialSensory,12,24,0.8,0,0.0,0,nan,33.207
C1,MedialSensory,12,2,0.566,0,0.0,0,49.807,38.351
C1,MedialSensory,12,20,0.566,1,1.0,1,0.0,0.0
C1,MedialSensory,12,30,1.265,0,0.0,0,nan,33.207
C1,MedialSensory,12,7,1.131,0,0.0,0,49.807,38.351
C1,MedialSensory,12,14,0.8,1,0.333,1,51.734,0.0
C1,MedialSensory,12,25,1.131,0,0.0,1,13.65,26.27
C1,MedialSensory,12,4,1.265,0,0.0,0,49.807,38.351
C1,MedialSensory,12,19,1.265,0,0.0,1,13.65,38.351
C1,MedialSensory,12,9,1.789,0,0.0,0,51.734,38.351
C1,MedialSensory,12,16,1.6,0,0.0,0,49.807,38.351
C1,MedialSensory,12,26,1.789,0,0.0,1,13.65,26.27
C1,MedialSensory,12,11,2.154,0,0.0,0,51.734,38.351
C1,MedialSensory,12,6,2.04,0,0.0,0,51.734,38.351
C1,MedialSensory,12,22,2.04,1,0.333,1,13.65,0.0
C1,MedialSensory,12,31,2.332,0,0.0,1,13.65,26.27
C1,MedialSensory,24,2,1.265,0,0.0,0,nan,67.032
C1,MedialSensory,24,20,0.566,0,0.0,0,nan,33.207
C1,MedialSensory,24,30,0.566,1,1.0,1,nan,0.0
C1,MedialSensory,24,7,1.789,0,0.0,0,nan,67.032
C1,MedialSensory,24,14,1.131,0,0.0,0,nan,33.207
C1,MedialSensory,24,25,0.8,0,0.0,0,nan,34.533
C1,MedialSensory,24,4,1.697,0,0.0,0,nan,67.032
C1,MedialSensory,24,19,1.265,0,0.0,0,nan,67.032
C1,MedialSensory,24,9,2.263,0,0.0,0,nan,67.032
C1,MedialSensory,24,16,1.789,0,0.0,0,nan,67.032
C1,MedialSensory,24,26,1.6,0,0.0,0,nan,34.533
C1,MedialSensory,24,11,2.561,0,0.0,0,nan,67.032
C1,MedialSensory,24,6,2.332,0,0.0,0,nan,67.032
C1,MedialSensory,24,22,2.04,0,0.0,0,nan,33.207
C1,MedialSensory,24,31,2.04,0,0.0,0,nan,34.533
C1,MedialSensory,2,20,0.8,0,0.0,0,49.807,38.351
C1,MedialSensory,2,30,1.6,0,0.0,0,nan,67.032
C1,MedialSensory,2,7,0.566,1,1.0,1,0.0,0.0
C1,MedialSensory,2,14,0.566,0,0.0,1,11.39,38.351
C1,MedialSensory,2,25,1.265,0,0.0,0,46.054,37.949
C1,MedialSensory,2,4,0.8,1,1.0,1,0.0,0.0
C1,MedialSensory,2,19,1.131,1,0.333,1,46.054,0.0
C1,MedialSensory,2,9,1.265,1,0.333,1,11.39,0.0
C1,MedialSensory,2,16,1.265,1,1.0,1,0.0,0.0
C1,MedialSensory,2,26,1.697,0,0.0,0,46.054,37.949
C1,MedialSensory,2,11,1.649,1,0.333,1,11.39,0.0
C1,MedialSensory,2,6,1.6,1,0.333,1,11.39,0.0
C1,MedialSensory,2,22,1.789,0,0.0,0,46.054,38.351
C1,MedialSensory,2,31,2.263,0,0.0,0,46.054,37.949
C1,MedialSensory,20,30,0.8,0,0.0,0,nan,33.207
C1,MedialSensory,20,7,1.265,0,0.0,0,49.807,38.351
C1,MedialSensory,20,14,0.566,1,0.333,1,51.734,0.0
C1,MedialSensory,20,25,0.566,0,0.0,1,13.65,26.27
C1,MedialSensory,20,4,1.131,0,0.0,0,49.807,38.351
C1,MedialSensory,20,19,0.8,0,0.0,1,13.65,38.351
C1,MedialSensory,20,9,1.697,0,0.0,0,51.734,38.351
C1,MedialSensory,20,16,1.265,0,0.0,0,49.807,38.351
C1,MedialSensory,20,26,1.265,0,0.0,1,13.65,26.27
C1,MedialSensory,20,11,2.0,0,0.0,0,51.734,38.351
C1,MedialSensory,20,6,1.789,0,0.0,0,51.734,38.351
C1,MedialSensory,20,22,1.6,1,0.333,1,13.65,0.0
C1,MedialSensory,20,31,1.789,0,0.0,1,13.65,26.27
C1,MedialSensory,30,7,2.04,0,0.0,0,nan,67.032
C1,MedialSensory,30,14,1.265,0,0.0,0,nan,33.207
C1,MedialSensory,30,25,0.566,0,0.0,0,nan,34.533
C1,MedialSensory,30,4,1.789,0,0.0,0,nan,67.032
C1,MedialSensory,30,19,1.131,0,0.0,0,nan,67.032
C1,MedialSensory,30,9,2.332,0,0.0,0,nan,67.032
C1,MedialSensory,30,16,1.697,0,0.0,0,nan,67.032
C1,MedialSensory,30,26,1.265,0,0.0,0,nan,34.533
C1,MedialSensory,30,11,2.561,0,0.0,0,nan,67.032
C1,MedialSensory,30,6,2.263,0,0.0,0,nan,67.032
C1,MedialSensory,30,22,1.789,0,0.0,0,nan,33.207
C1,MedialSensory,30,31,1.6,0,0.0,0,nan,34.533
C1,MedialSensory,7,14,0.8,0,0.0,1,11.39,38.351
C1,MedialSensory,7,25,1.6,0,0.0,0,46.054,37.949
C1,MedialSensory,7,4,0.566,1,1.0,1,0.0,0.0
C1,MedialSensory,7,19,1.265,1,0.333,1,46.054,0.0
C1,MedialSensory,7,9,0.8,1,0.333,1,11.39,0.0
C1,MedialSensory,7,16,1.131,1,1.0,1,0.0,0.0
C1,MedialSensory,7,26,1.789,0,0.0,0,46.054,37.949
C1,MedialSensory,7,11,1.2,1,0.333,1,11.39,0.0
C1,MedialSensory,7,6,1.265,1,0.333,1,11.39,0.0
C1,MedialSensory,7,22,1.697,0,0.0,0,46.054,38.351
C1,MedialSensory,7,31,2.332,0,0.0,0,46.054,37.949
C1,MedialSensory,14,25,0.8,0,0.0,1,45.001,26.27
C1,MedialSensory,14,4,0.566,0,0.0,1,11.39,38.351
C1,MedialSensory,14,19,0.566,0,0.0,1,45.001,38.351
C1,MedialSensory,14,9,1.131,1,0.333,1,0.0,38.351
C1,MedialSensory,14,16,0.8,0,0.0,1,11.39,38.351
C1,MedialSensory,14,26,1.131,0,0.0,1,45.001,26.27
C1,MedialSensory,14,11,1.442,1,0.333,1,0.0,38.351
C1,MedialSensory,14,6,1.265,1,0.333,1,0.0,38.351
C1,MedialSensory,14,22,1.265,1,0.333,1,45.001,0.0
C1,MedialSensory,14,31,1.697,0,0.0,1,45.001,26.27
C1,MedialSensory,25,4,1.265,0,0.0,0,46.054,37.949
C1,MedialSensory,25,19,0.566,1,0.333,1,0.0,37.949
C1,MedialSensory,25,9,1.789,0,0.0,0,45.001,37.949
C1,MedialSensory,25,16,1.131,0,0.0,0,46.054,37.949
C1,MedialSensory,25,26,0.8,1,1.0,1,0.0,0.0
C1,MedialSensory,25,11,2.0,0,0.0,0,45.001,37.949
C1,MedialSensory,25,6,1.697,0,0.0,0,45.001,37.949
C1,MedialSensory,25,22,1.265,1,0.333,1,0.0,26.27
C1,MedialSensory,25,31,1.265,1,1.0,1,0.0,0.0
C1,MedialSensory,4,19,0.8,1,0.333,1,46.054,0.0
C1,MedialSensory,4,9,0.566,1,0.333,1,11.39,0.0
C1,MedialSensory,4,16,0.566,1,1.0,1,0.0,0.0
C1,MedialSensory,4,26,1.265,0,0.0,0,46.054,37.949
C1,MedialSensory,4,11,0.894,1,0.333,1,11.39,0.0
C1,MedialSensory,4,6,0.8,1,0.333,1,11.39,0.0
C1,MedialSensory,4,22,1.131,0,0.0,0,46.054,38.351
C1,MedialSensory,4,31,1.789,0,0.0,0,46.054,37.949
C1,MedialSensory,19,9,1.265,1,0.333,1,45.001,0.0
C1,MedialSensory,19,16,0.566,1,0.333,1,46.054,0.0
C1,MedialSensory,19,26,0.566,1,0.333,1,0.0,37.949
C1,MedialSensory,19,11,1.442,1,0.333,1,45.001,0.0
C1,MedialSensory,19,6,1.131,1,0.333,1,45.001,0.0
C1,MedialSensory,19,22,0.8,1,0.333,1,0.0,38.351
C1,MedialSensory,19,31,1.131,1,0.333,1,0.0,37.949
C1,MedialSensory,9,16,0.8,1,0.333,1,11.39,0.0
C1,MedialSensory,9,26,1.6,0,0.0,0,45.001,37.949
C1,MedialSensory,9,11,0.4,1,1.0,1,0.0,0.0
C1,MedialSensory,9,6,0.566,1,1.0,1,0.0,0.0
C1,MedialSensory,9,22,1.265,0,0.0,0,45.001,38.351
C1,MedialSensory,9,31,2.04,0,0.0,0,45.001,37.949
C1,MedialSensory,16,26,0.8,0,0.0,0,46.054,37.949
C1,MedialSensory,16,11,0.894,1,0.333,1,11.39,0.0
C1,MedialSensory,16,6,0.566,1,0.333,1,11.39,0.0
C1,MedialSensory,16,22,0.566,0,0.0,0,46.054,38.351
C1,MedialSensory,16,31,1.265,0,0.0,0,46.054,37.949
C1,MedialSensory,26,11,1.649,0,0.0,0,45.001,37.949
C1,MedialSensory,26,6,1.265,0,0.0,0,45.001,37.949
C1,MedialSensory,26,22,0.566,1,0.333,1,0.0,26.27
C1,MedialSensory,26,31,0.566,1,1.0,1,0.0,0.0
C1,MedialSensory,11,6,0.4,1,1.0,1,0.0,0.0
C1,MedialSensory,11,22,1.2,0,0.0,0,45.001,38.351
C1,MedialSensory,11,31,2.0,0,0.0,0,45.001,37.949
C1,MedialSensory,6,22,0.8,0,0.0,0,45.001,38.351
C1,MedialSensory,6,31,1.6,0,0.0,0,45.001,37.949
C1,MedialSensory,22,31,0.8,1,0.333,1,0.0,26.27
P2,LateralSensory,1,8,0.8,1,1.0,1,0.0,nan
P2,LateralSensory,1,21,1.6,1,0.5,1,0.0,nan
P2,LateralSensory,1,27,2.0,1,0.5,1,0.0,nan
P2,LateralSensory,1,13,0.566,1,1.0,1,0.0,nan
P2,LateralSensory,1,17,1.265,1,0.5,1,0.0,nan
P2,LateralSensory,1,28,2.04,1,0.5,1,0.0,nan
P2,LateralSensory,1,3,0.8,0,0.0,1,22.506,nan
P2,LateralSensory,1,10,1.131,1,1.0,1,0.0,nan
P2,LateralSensory,1,23,1.789,1,0.5,1,0.0,nan
P2,LateralSensory,1,18,1.697,1,0.5,1,0.0,nan
P2,LateralSensory,1,30,2.332,1,0.5,1,0.0,nan
P2,LateralSensory,1,5,1.6,1,0.5,1,0.0,nan
P2,LateralSensory,1,15,1.649,1,0.5,1,0.0,nan
P2,LateralSensory,1,12,1.789,1,0.5,1,0.0,nan
P2,LateralSensory,1,24,2.263,1,0.5,1,0.0,nan
P2,LateralSensory,1,2,2.04,1,0.5,1,0.0,nan
P2,LateralSensory,1,20,2.332,1,0.5,1,0.0,nan
P2,LateralSensory,1,29,2.828,0,0.0,0,51.638,nan
P2,LateralSensory,1,7,2.4,1,0.5,1,0.0,nan
P2,LateralSensory,1,14,2.53,1,0.5,1,0.0,nan
P2,LateralSensory,1,25,2.884,0,0.0,0,51.638,nan
P2,LateralSensory,1,4,2.828,0,0.0,0,51.638,nan
P2,LateralSensory,1,19,3.046,0,0.0,0,51.638,nan
P2,LateralSensory,1,9,3.2,0,0.0,0,51.638,nan
P2,LateralSensory,1,16,3.298,0,0.0,0,51.638,nan
P2,LateralSensory,1,26,3.578,0,0.0,0,51.638,nan
P2,LateralSensory,1,11,3.6,0,0.0,0,51.638,nan
P2,LateralSensory,1,6,3.622,1,0.5,1,0.0,nan
P2,LateralSensory,1,22,3.795,0,0.0,0,51.638,nan
P2,LateralSensory,1,31,4.118,0,0.0,0,nan,nan
P2,LateralSensory,8,21,0.8,1,0.5,1,0.0,nan
P2,LateralSensory,8,27,1.2,1,0.5,1,0.0,nan
P2,LateralSensory,8,13,0.566,1,1.0,1,0.0,nan
P2,LateralSensory,8,17,0.566,1,0.5,1,0.0,nan
P2,LateralSensory,8,28,1.265,1,0.5,1,0.0,nan
P2,LateralSensory,8,3,1.131,0,0.0,1,22.506,nan
P2,LateralSensory,8,10,0.8,1,1.0,1,0.0,nan
P2,LateralSensory,8,23,1.131,1,0.5,1,0.0,nan
P2,LateralSensory,8,18,1.265,1,0.5,1,0.0,nan
P2,LateralSensory,8,30,1.697,1,0.5,1,0.0,nan
P2,LateralSensory,8,5,1.789,1,0.5,1,0.0,nan
P2,LateralSensory,8,15,1.649,1,0.5,1,0.0,nan
P2,LateralSensory,8,12,1.6,1,0.5,1,0.0,nan
P2,LateralSensory,8,24,1.789,1,0.5,1,0.0,nan
P2,LateralSensory,8,2,2.04,1,0.5,1,0.0,nan
P2,LateralSensory,8,20,2.04,1,0.5,1,0.0,nan
P2,LateralSensory,8,29,2.332,0,0.0,0,51.638,nan
P2,LateralSensory,8,7,2.53,1,0.5,1,0.0,nan
P2,LateralSensory,8,14,2.4,1,0.5,1,0.0,nan
P2,LateralSensory,8,25,2.53,0,0.0,0,51.638,nan
P2,LateralSensory,8,4,2.828,0,0.0,0,51.638,nan
P2,LateralSensory,8,19,2.828,0,0.0,0,51.638,nan
P2,LateralSensory,8,9,3.298,0,0.0,0,51.638,nan
P2,LateralSensory,8,16,3.2,0,0.0,0,51.638,nan
P2,LateralSensory,8,26,3.298,0,0.0,0,51.638,nan
P2,LateralSensory,8,11,3.688,0,0.0,0,51.638,nan
P2,LateralSensory,8,6,3.622,1,0.5,1,0.0,nan
P2,LateralSensory,8,22,3.622,0,0.0,0,51.638,nan
P2,LateralSensory,8,31,3.795,0,0.0,0,nan,nan
P2,LateralSensory,21,27,0.4,1,1.0,1,0.0,0.0
P2,LateralSensory,21,13,1.265,1,0.5,1,0.0,nan
P2,LateralSensory,21,17,0.566,1,1.0,1,0.0,0.0
P2,LateralSensory,21,28,0.566,1,1.0,1,0.0,0.0
P2,LateralSensory,21,3,1.789,0,0.0,1,22.506,nan
P2,LateralSensory,21,10,1.131,1,0.5,1,0.0,nan
P2,LateralSensory,21,23,0.8,1,0.333,1,0.0,23.79
P2,LateralSensory,21,18,1.265,1,0.333,1,0.0,23.79
P2,LateralSensory,21,30,1.265,1,1.0,1,0.0,0.0
P2,LateralSensory,21,5,2.263,1,0.333,1,0.0,23.79
P2,LateralSensory,21,15,2.0,1,0.333,1,0.0,34.162
P2,LateralSensory,21,12,1.789,1,0.333,1,0.0,23.79
P2,LateralSensory,21,24,1.6,1,0.333,1,0.0,23.79
P2,LateralSensory,21,2,2.332,1,0.333,1,0.0,23.79
P2,LateralSensory,21,20,2.04,1,0.333,1,0.0,23.79
P2,LateralSensory,21,29,2.04,1,0.333,1,51.638,0.0
P2,LateralSensory,21,7,2.884,1,0.333,1,0.0,23.79
P2,LateralSensory,21,14,2.53,1,0.333,1,0.0,23.79
P2,LateralSensory,21,25,2.4,1,0.333,1,51.638,0.0
P2,LateralSensory,21,4,3.046,0,0.0,1,51.638,23.79
P2,LateralSensory,21,19,2.828,1,0.333,1,51.638,0.0
P2,LateralSensory,21,9,3.578,0,0.0,1,51.638,23.79
P2,LateralSensory,21,16,3.298,1,0.333,1,51.638,0.0
P2,LateralSensory,21,26,3.2,0,0.0,1,51.638,23.79
P2,LateralSensory,21,11,3.94,1,0.333,1,51.638,0.0
P2,LateralSensory,21,6,3.795,1,1.0,1,0.0,0.0
P2,LateralSensory,21,22,3.622,1,0.333,1,51.638,0.0
P2,LateralSensory,21,31,3.622,1,0.5,1,nan,0.0
P2,LateralSensory,27,13,1.649,1,0.5,1,0.0,nan
P2,LateralSensory,27,17,0.894,1,1.0,1,0.0,0.0
P2,LateralSensory,27,28,0.4,1,1.0,1,0.0,0.0
P2,LateralSensory,27,3,2.154,0,0.0,1,22.506,nan
P2,LateralSensory,27,10,1.442,1,0.5,1,0.0,nan
P2,LateralSensory,27,23,0.894,1,0.333,1,0.0,23.79
P2,LateralSensory,27,18,1.442,1,0.333,1,0.0,23.79
P2,LateralSensory,27,30,1.2,1,1.0,1,0.0,0.0
P2,LateralSensory,27,5,2.561,1,0.333,1,0.0,23.79
P2,LateralSensory,27,15,2.263,1,0.333,1,0.0,34.162
P2,LateralSensory,27,12,2.0,1,0.333,1,0.0,23.79
P2,LateralSensory,27,24,1.649,1,0.333,1,0.0,23.79
P2,LateralSensory,27,2,2.561,1,0.333,1,0.0,23.79
P2,LateralSensory,27,20,2.154,1,0.333,1,0.0,23.79
P2,LateralSensory,27,29,2.0,1,0.333,1,51.638,0.0
P2,LateralSensory,27,7,3.124,1,0.333,1,0.0,23.79
P2,LateralSensory,27,14,2.683,1,0.333,1,0.0,23.79
P2,LateralSensory,27,25,2.433,1,0.333,1,51.638,0.0
P2,LateralSensory,27,4,3.225,0,0.0,1,51.638,23.79
P2,LateralSensory,27,19,2.912,1,0.333,1,51.638,0.0
P2,LateralSensory,27,9,3.774,0,0.0,1,51.638,23.79
P2,LateralSensory,27,16,3.418,1,0.333,1,51.638,0.0
P2,LateralSensory,27,26,3.225,0,0.0,1,51.638,23.79
P2,LateralSensory,27,11,4.118,1,0.333,1,51.638,0.0
P2,LateralSensory,27,6,3.94,1,1.0,1,0.0,0.0
P2,LateralSensory,27,22,3.688,1,0.333,1,51.638,0.0
P2,LateralSensory,27,31,3.6,1,0.5,1,nan,0.0
P2,LateralSensory,13,17,0.8,1,0.5,1,0.0,nan
P2,LateralSensory,13,28,1.6,1,0.5,1,0.0,nan
P2,LateralSensory,13,3,0.566,0,0.0,1,22.506,nan
P2,LateralSensory,13,10,0.566,1,1.0,1,0.0,nan
P2,LateralSensory,13,23,1.265,1,0.5,1,0.0,nan
P2,LateralSensory,13,18,1.131,1,0.5,1,0.0,nan
P2,LateralSensory,13,30,1.789,1,0.5,1,0.0,nan
P2,LateralSensory,13,5,1.265,1,0.5,1,0.0,nan
P2,LateralSensory,13,15,1.2,1,0.5,1,0.0,nan
P2,LateralSensory,13,12,1.265,1,0.5,1,0.0,nan
P2,LateralSensory,13,24,1.697,1,0.5,1,0.0,nan
P2,LateralSensory,13,2,1.6,1,0.5,1,0.0,nan
P2,LateralSensory,13,20,1.789,1,0.5,1,0.0,nan
P2,LateralSensory,13,29,2.263,0,0.0,0,51.638,nan
P2,LateralSensory,13,7,2.04,1,0.5,1,0.0,nan
P2,LateralSensory,13,14,2.04,1,0.5,1,0.0,nan
P2,LateralSensory,13,25,2.332,0,0.0,0,51.638,nan
P2,LateralSensory,13,4,2.4,0,0.0,0,51.638,nan
P2,LateralSensory,13,19,2.53,0,0.0,0,51.638,nan
P2,LateralSensory,13,9,2.828,0,0.0,0,51.638,nan
P2,LateralSensory,13,16,2.828,0,0.0,0,51.638,nan
P2,LateralSensory,13,26,3.046,0,0.0,0,51.638,nan
P2,LateralSensory,13,11,3.225,0,0.0,0,51.638,nan
P2,LateralSensory,13,6,3.2,1,0.5,1,0.0,nan
P2,LateralSensory,13,22,3.298,0,0.0,0,51.638,nan
P2,LateralSensory,13,31,3.578,0,0.0,0,nan,nan
P2,LateralSensory,17,28,0.8,1,1.0,1,0.0,0.0
P2,LateralSensory,17,3,1.265,0,0.0,1,22.506,nan
P2,LateralSensory,17,10,0.566,1,0.5,1,0.0,nan
P2,LateralSensory,17,23,0.566,1,0.333,1,0.0,23.79
P2,LateralSensory,17,18,0.8,1,0.333,1,0.0,23.79
P2,LateralSensory,17,30,1.131,1,1.0,1,0.0,0.0
P2,LateralSensory,17,5,1.697,1,0.333,1,0.0,23.79
P2,LateralSensory,17,15,1.442,1,0.333,1,0.0,34.162
P2,LateralSensory,17,12,1.265,1,0.333,1,0.0,23.79
P2,LateralSensory,17,24,1.265,1,0.333,1,0.0,23.79
P2,LateralSensory,17,2,1.789,1,0.333,1,0.0,23.79
P2,LateralSensory,17,20,1.6,1,0.333,1,0.0,23.79
P2,LateralSensory,17,29,1.789,1,0.333,1,51.638,0.0
P2,LateralSensory,17,7,2.332,1,0.333,1,0.0,23.79
P2,LateralSensory,17,14,2.04,1,0.333,1,0.0,23.79
P2,LateralSensory,17,25,2.04,1,0.333,1,51.638,0.0
P2,LateralSensory,17,4,2.53,0,0.0,1,51.638,23.79
P2,LateralSensory,17,19,2.4,1,0.333,1,51.638,0.0
P2,LateralSensory,17,9,3.046,0,0.0,1,51.638,23.79
P2,LateralSensory,17,16,2.828,1,0.333,1,51.638,0.0
P2,LateralSensory,17,26,2.828,0,0.0,1,51.638,23.79
P2,LateralSensory,17,11,3.418,1,0.333,1,51.638,0.0
P2,LateralSensory,17,6,3.298,1,1.0,1,0.0,0.0
P2,LateralSensory,17,22,3.2,1,0.333,1,51.638,0.0
P2,LateralSensory,17,31,3.298,1,0.5,1,nan,0.0
P2,LateralSensory,28,3,2.04,0,0.0,1,22.506,nan
P2,LateralSensory,28,10,1.265,1,0.5,1,0.0,nan
P2,LateralSensory,28,23,0.566,1,0.333,1,0.0,23.79
P2,LateralSensory,28,18,1.131,1,0.333,1,0.0,23.79
P2,LateralSensory,28,30,0.8,1,1.0,1,0.0,0.0
P2,LateralSensory,28,5,2.332,1,0.333,1,0.0,23.79
P2,LateralSensory,28,15,2.0,1,0.333,1,0.0,34.162
P2,LateralSensory,28,12,1.697,1,0.333,1,0.0,23.79
P2,LateralSensory,28,24,1.265,1,0.333,1,0.0,23.79
P2,LateralSensory,28,2,2.263,1,0.333,1,0.0,23.79
P2,LateralSensory,28,20,1.789,1,0.333,1,0.0,23.79
P2,LateralSensory,28,29,1.6,1,0.333,1,51.638,0.0
P2,LateralSensory,28,7,2.828,1,0.333,1,0.0,23.79
P2,LateralSensory,28,14,2.332,1,0.333,1,0.0,23.79
P2,LateralSensory,28,25,2.04,1,0.333,1,51.638,0.0
P2,LateralSensory,28,4,2.884,0,0.0,1,51.638,23.79
P2,LateralSensory,28,19,2.53,1,0.333,1,51.638,0.0
P2,LateralSensory,28,9,3.441,0,0.0,1,51.638,23.79
P2,LateralSensory,28,16,3.046,1,0.333,1,51.638,0.0
P2,LateralSensory,28,26,2.828,0,0.0,1,51.638,23.79
P2,LateralSensory,28,11,3.774,1,0.333,1,51.638,0.0
P2,LateralSensory,28,6,3.578,1,1.0,1,0.0,0.0
P2,LateralSensory,28,22,3.298,1,0.333,1,51.638,0.0
P2,LateralSensory,28,31,3.2,1,0.5,1,nan,0.0
P2,LateralSensory,3,10,0.8,0,0.0,1,22.506,nan
P2,LateralSensory,3,23,1.6,0,0.0,1,22.506,nan
P2,LateralSensory,3,18,1.265,0,0.0,1,22.506,nan
P2,LateralSensory,3,30,2.04,0,0.0,1,22.506,nan
P2,LateralSensory,3,5,0.8,0,0.0,1,22.506,nan
P2,LateralSensory,3,15,0.894,0,0.0,1,22.506,nan
P2,LateralSensory,3,12,1.131,0,0.0,1,22.506,nan
P2,LateralSensory,3,24,1.789,0,0.0,1,22.506,nan
P2,LateralSensory,3,2,1.265,0,0.0,1,22.506,nan
P2,LateralSensory,3,20,1.697,0,0.0,1,22.506,nan
P2,LateralSensory,3,29,2.332,0,0.0,0,74.047,nan
P2,LateralSensory,3,7,1.6,0,0.0,1,22.506,nan
P2,LateralSensory,3,14,1.789,0,0.0,1,22.506,nan
P2,LateralSensory,3,25,2.263,0,0.0,0,74.047,nan
P2,LateralSensory,3,4,2.04,0,0.0,0,74.047,nan
P2,LateralSensory,3,19,2.332,0,0.0,0,74.047,nan
P2,LateralSensory,3,9,2.4,0,0.0,0,74.047,nan
P2,LateralSensory,3,16,2.53,0,0.0,0,74.047,nan
P2,LateralSensory,3,26,2.884,0,0.0,0,74.047,nan
P2,LateralSensory,3,11,2.8,0,0.0,0,74.047,nan
P2,LateralSensory,3,6,2.828,0,0.0,1,22.506,nan
P2,LateralSensory,3,22,3.046,0,0.0,0,74.047,nan
P2,LateralSensory,3,31,3.441,0,0.0,0,nan,nan
P2,LateralSensory,10,23,0.8,1,0.5,1,0.0,nan
P2,LateralSensory,10,18,0.566,1,0.5,1,0.0,nan
P2,LateralSensory,10,30,1.265,1,0.5,1,0.0,nan
P2,LateralSensory,10,5,1.131,1,0.5,1,0.0,nan
P2,LateralSensory,10,15,0.894,1,0.5,1,0.0,nan
P2,LateralSensory,10,12,0.8,1,0.5,1,0.0,nan
P2,LateralSensory,10,24,1.131,1,0.5,1,0.0,nan
P2,LateralSensory,10,2,1.265,1,0.5,1,0.0,nan
P2,LateralSensory,10,20,1.265,1,0.5,1,0.0,nan
P2,LateralSensory,10,29,1.697,0,0.0,0,51.638,nan
P2,LateralSensory,10,7,1.789,1,0.5,1,0.0,nan
P2,LateralSensory,10,14,1.6,1,0.5,1,0.0,nan
P2,LateralSensory,10,25,1.789,0,0.0,0,51.638,nan
P2,LateralSensory,10,4,2.04,0,0.0,0,51.638,nan
P2,LateralSensory,10,19,2.04,0,0.0,0,51.638,nan
P2,LateralSensory,10,9,2.53,0,0.0,0,51.638,nan
P2,LateralSensory,10,16,2.4,0,0.0,0,51.638,nan
P2,LateralSensory,10,26,2.53,0,0.0,0,51.638,nan
P2,LateralSensory,10,11,2.912,0,0.0,0,51.638,nan
P2,LateralSensory,10,6,2.828,1,0.5,1,0.0,nan
P2,LateralSensory,10,22,2.828,0,0.0,0,51.638,nan
P2,LateralSensory,10,31,3.046,0,0.0,0,nan,nan
P2,LateralSensory,23,18,0.566,1,1.0,1,0.0,0.0
P2,LateralSensory,23,30,0.566,1,0.333,1,0.0,23.79
P2,LateralSensory,23,5,1.789,1,1.0,1,0.0,0.0
P2,LateralSensory,23,15,1.442,1,0.333,1,0.0,41.627
P2,LateralSensory,23,12,1.131,1,1.0,1,0.0,0.0
P2,LateralSensory,23,24,0.8,1,1.0,1,0.0,0.0
P2,LateralSensory,23,2,1.697,1,1.0,1,0.0,0.0
P2,LateralSensory,23,20,1.265,1,1.0,1,0.0,0.0
P2,LateralSensory,23,29,1.265,0,0.0,1,51.638,23.79
P2,LateralSensory,23,7,2.263,1,1.0,1,0.0,0.0
P2,LateralSensory,23,14,1.789,1,1.0,1,0.0,0.0
P2,LateralSensory,23,25,1.6,0,0.0,1,51.638,23.79
P2,LateralSensory,23,4,2.332,1,0.333,1,51.638,0.0
P2,LateralSensory,23,19,2.04,0,0.0,1,51.638,23.79
P2,LateralSensory,23,9,2.884,1,0.333,1,51.638,0.0
P2,LateralSensory,23,16,2.53,0,0.0,1,51.638,23.79
P2,LateralSensory,23,26,2.4,1,0.333,1,51.638,0.0
P2,LateralSensory,23,11,3.225,0,0.0,1,51.638,23.79
P2,LateralSensory,23,6,3.046,1,0.333,1,0.0,23.79
P2,LateralSensory,23,22,2.828,0,0.0,1,51.638,23.79
P2,LateralSensory,23,31,2.828,0,0.0,1,nan,23.79
P2,LateralSensory,18,30,0.8,1,0.333,1,0.0,23.79
P2,LateralSensory,18,5,1.265,1,1.0,1,0.0,0.0
P2,LateralSensory,18,15,0.894,1,0.333,1,0.0,41.627
P2,LateralSensory,18,12,0.566,1,1.0,1,0.0,0.0
P2,LateralSensory,18,24,0.566,1,1.0,1,0.0,0.0
P2,LateralSensory,18,2,1.131,1,1.0,1,0.0,0.0
P2,LateralSensory,18,20,0.8,1,1.0,1,0.0,0.0
P2,LateralSensory,18,29,1.131,0,0.0,1,51.638,23.79
P2,LateralSensory,18,7,1.697,1,1.0,1,0.0,0.0
P2,LateralSensory,18,14,1.265,1,1.0,1,0.0,0.0
P2,LateralSensory,18,25,1.265,0,0.0,1,51.638,23.79
P2,LateralSensory,18,4,1.789,1,0.333,1,51.638,0.0
P2,LateralSensory,18,19,1.6,0,0.0,1,51.638,23.79
P2,LateralSensory,18,9,2.332,1,0.333,1,51.638,0.0
P2,LateralSensory,18,16,2.04,0,0.0,1,51.638,23.79
P2,LateralSensory,18,26,2.04,1,0.333,1,51.638,0.0
P2,LateralSensory,18,11,2.683,0,0.0,1,51.638,23.79
P2,LateralSensory,18,6,2.53,1,0.333,1,0.0,23.79
P2,LateralSensory,18,22,2.4,0,0.0,1,51.638,23.79
P2,LateralSensory,18,31,2.53,0,0.0,1,nan,23.79
P2,LateralSensory,30,5,2.04,1,0.333,1,0.0,23.79
P2,LateralSensory,30,15,1.649,1,0.333,1,0.0,34.162
P2,LateralSensory,30,12,1.265,1,0.333,1,0.0,23.79
P2,LateralSensory,30,24,0.566,1,0.333,1,0.0,23.79
P2,LateralSensory,30,2,1.789,1,0.333,1,0.0,23.79
P2,LateralSensory,30,20,1.131,1,0.333,1,0.0,23.79
P2,LateralSensory,30,29,0.8,1,0.333,1,51.638,0.0
P2,LateralSensory,30,7,2.332,1,0.333,1,0.0,23.79
P2,LateralSensory,30,14,1.697,1,0.333,1,0.0,23.79
P2,LateralSensory,30,25,1.265,1,0.333,1,51.638,0.0
P2,LateralSensory,30,4,2.263,0,0.0,1,51.638,23.79
P2,LateralSensory,30,19,1.789,1,0.333,1,51.638,0.0
P2,LateralSensory,30,9,2.828,0,0.0,1,51.638,23.79
P2,LateralSensory,30,16,2.332,1,0.333,1,51.638,0.0
P2,LateralSensory,30,26,2.04,0,0.0,1,51.638,23.79
P2,LateralSensory,30,11,3.124,1,0.333,1,51.638,0.0
P2,LateralSensory,30,6,2.884,1,1.0,1,0.0,0.0
P2,LateralSensory,30,22,2.53,1,0.333,1,51.638,0.0
P2,LateralSensory,30,31,2.4,1,0.5,1,nan,0.0
P2,LateralSensory,5,15,0.4,1,0.333,1,0.0,41.627
P2,LateralSensory,5,12,0.8,1,1.0,1,0.0,0.0
P2,LateralSensory,5,24,1.6,1,1.0,1,0.0,0.0
P2,LateralSensory,5,2,0.566,1,1.0,1,0.0,0.0
P2,LateralSensory,5,20,1.265,1,1.0,1,0.0,0.0
P2,LateralSensory,5,29,2.04,0,0.0,1,51.638,23.79
P2,LateralSensory,5,7,0.8,1,1.0,1,0.0,0.0
P2,LateralSensory,5,14,1.131,1,1.0,1,0.0,0.0
P2,LateralSensory,5,25,1.789,0,0.0,1,51.638,23.79
P2,LateralSensory,5,4,1.265,1,0.333,1,51.638,0.0
P2,LateralSensory,5,19,1.697,0,0.0,1,51.638,23.79
P2,LateralSensory,5,9,1.6,1,0.333,1,51.638,0.0
P2,LateralSensory,5,16,1.789,0,0.0,1,51.638,23.79
P2,LateralSensory,5,26,2.263,1,0.333,1,51.638,0.0
P2,LateralSensory,5,11,2.0,0,0.0,1,51.638,23.79
P2,LateralSensory,5,6,2.04,1,0.333,1,0.0,23.79
P2,LateralSensory,5,22,2.332,0,0.0,1,51.638,23.79
P2,LateralSensory,5,31,2.828,0,0.0,1,nan,23.79
P2,LateralSensory,15,12,0.4,1,0.333,1,0.0,41.627
P2,LateralSensory,15,24,1.2,1,0.333,1,0.0,41.627
P2,LateralSensory,15,2,0.4,1,0.333,1,0.0,41.627
P2,LateralSensory,15,20,0.894,1,0.333,1,0.0,41.627
P2,LateralSensory,15,29,1.649,0,0.0,0,51.638,34.162
P2,LateralSensory,15,7,0.894,1,0.333,1,0.0,41.627
P2,LateralSensory,15,14,0.894,1,0.333,1,0.0,41.627
P2,LateralSensory,15,25,1.442,0,0.0,0,51.638,34.162
P2,LateralSensory,15,4,1.2,0,0.0,0,51.638,41.627
P2,LateralSensory,15,19,1.442,0,0.0,0,51.638,34.162
P2,LateralSensory,15,9,1.649,0,0.0,0,51.638,41.627
P2,LateralSensory,15,16,1.649,0,0.0,0,51.638,34.162
P2,LateralSensory,15,26,2.0,0,0.0,0,51.638,41.627
P2,LateralSensory,15,11,2.04,0,0.0,0,51.638,34.162
P2,LateralSensory,15,6,2.0,1,0.333,1,0.0,34.162
P2,LateralSensory,15,22,2.154,0,0.0,0,51.638,34.162
P2,LateralSensory,15,31,2.561,0,0.0,0,nan,34.162
P2,LateralSensory,12,24,0.8,1,1.0,1,0.0,0.0
P2,LateralSensory,12,2,0.566,1,1.0,1,0.0,0.0
P2,LateralSensory,12,20,0.566,1,1.0,1,0.0,0.0
P2,LateralSensory,12,29,1.265,0,0.0,1,51.638,23.79
P2,LateralSensory,12,7,1.131,1,1.0,1,0.0,0.0
P2,LateralSensory,12,14,0.8,1,1.0,1,0.0,0.0
P2,LateralSensory,12,25,1.131,0,0.0,1,51.638,23.79
P2,LateralSensory,12,4,1.265,1,0.333,1,51.638,0.0
P2,LateralSensory,12,19,1.265,0,0.0,1,51.638,23.79
P2,LateralSensory,12,9,1.789,1,0.333,1,51.638,0.0
P2,LateralSensory,12,16,1.6,0,0.0,1,51.638,23.79
P2,LateralSensory,12,26,1.789,1,0.333,1,51.638,0.0
P2,LateralSensory,12,11,2.154,0,0.0,1,51.638,23.79
P2,LateralSensory,12,6,2.04,1,0.333,1,0.0,23.79
P2,LateralSensory,12,22,2.04,0,0.0,1,51.638,23.79
P2,LateralSensory,12,31,2.332,0,0.0,1,nan,23.79
P2,LateralSensory,24,2,1.265,1,1.0,1,0.0,0.0
P2,LateralSensory,24,20,0.566,1,1.0,1,0.0,0.0
P2,LateralSensory,24,29,0.566,0,0.0,1,51.638,23.79
P2,LateralSensory,24,7,1.789,1,1.0,1,0.0,0.0
P2,LateralSensory,24,14,1.131,1,1.0,1,0.0,0.0
P2,LateralSensory,24,25,0.8,0,0.0,1,51.638,23.79
P2,LateralSensory,24,4,1.697,1,0.333,1,51.638,0.0
P2,LateralSensory,24,19,1.265,0,0.0,1,51.638,23.79
P2,LateralSensory,24,9,2.263,1,0.333,1,51.638,0.0
P2,LateralSensory,24,16,1.789,0,0.0,1,51.638,23.79
P2,LateralSensory,24,26,1.6,1,0.333,1,51.638,0.0
P2,LateralSensory,24,11,2.561,0,0.0,1,51.638,23.79
P2,LateralSensory,24,6,2.332,1,0.333,1,0.0,23.79
P2,LateralSensory,24,22,2.04,0,0.0,1,51.638,23.79
P2,LateralSensory,24,31,2.04,0,0.0,1,nan,23.79
P2,LateralSensory,2,20,0.8,1,1.0,1,0.0,0.0
P2,LateralSensory,2,29,1.6,0,0.0,1,51.638,23.79
P2,LateralSensory,2,7,0.566,1,1.0,1,0.0,0.0
P2,LateralSensory,2,14,0.566,1,1.0,1,0.0,0.0
P2,LateralSensory,2,25,1.265,0,0.0,1,51.638,23.79
P2,LateralSensory,2,4,0.8,1,0.333,1,51.638,0.0
P2,LateralSensory,2,19,1.131,0,0.0,1,51.638,23.79
P2,LateralSensory,2,9,1.265,1,0.333,1,51.638,0.0
P2,LateralSensory,2,16,1.265,0,0.0,1,51.638,23.79
P2,LateralSensory,2,26,1.697,1,0.333,1,51.638,0.0
P2,LateralSensory,2,11,1.649,0,0.0,1,51.638,23.79
P2,LateralSensory,2,6,1.6,1,0.333,1,0.0,23.79
P2,LateralSensory,2,22,1.789,0,0.0,1,51.638,23.79
P2,LateralSensory,2,31,2.263,0,0.0,1,nan,23.79
P2,LateralSensory,20,29,0.8,0,0.0,1,51.638,23.79
P2,LateralSensory,20,7,1.265,1,1.0,1,0.0,0.0
P2,LateralSensory,20,14,0.566,1,1.0,1,0.0,0.0
P2,LateralSensory,20,25,0.566,0,0.0,1,51.638,23.79
P2,LateralSensory,20,4,1.131,1,0.333,1,51.638,0.0
P2,LateralSensory,20,19,0.8,0,0.0,1,51.638,23.79
P2,LateralSensory,20,9,1.697,1,0.333,1,51.638,0.0
P2,LateralSensory,20,16,1.265,0,0.0,1,51.638,23.79
P2,LateralSensory,20,26,1.265,1,0.333,1,51.638,0.0
P2,LateralSensory,20,11,2.0,0,0.0,1,51.638,23.79
P2,LateralSensory,20,6,1.789,1,0.333,1,0.0,23.79
P2,LateralSensory,20,22,1.6,0,0.0,1,51.638,23.79
P2,LateralSensory,20,31,1.789,0,0.0,1,nan,23.79
P2,LateralSensory,29,7,2.04,0,0.0,1,51.638,23.79
P2,LateralSensory,29,14,1.265,0,0.0,1,51.638,23.79
P2,LateralSensory,29,25,0.566,1,1.0,1,0.0,0.0
P2,LateralSensory,29,4,1.789,1,0.333,1,0.0,23.79
P2,LateralSensory,29,19,1.131,1,1.0,1,0.0,0.0
P2,LateralSensory,29,9,2.332,1,0.333,1,0.0,23.79
P2,LateralSensory,29,16,1.697,1,1.0,1,0.0,0.0
P2,LateralSensory,29,26,1.265,1,0.333,1,0.0,23.79
P2,LateralSensory,29,11,2.561,1,1.0,1,0.0,0.0
P2,LateralSensory,29,6,2.263,1,0.333,1,51.638,0.0
P2,LateralSensory,29,22,1.789,1,1.0,1,0.0,0.0
P2,LateralSensory,29,31,1.6,1,0.5,1,nan,0.0
P2,LateralSensory,7,14,0.8,1,1.0,1,0.0,0.0
P2,LateralSensory,7,25,1.6,0,0.0,1,51.638,23.79
P2,LateralSensory,7,4,0.566,1,0.333,1,51.638,0.0
P2,LateralSensory,7,19,1.265,0,0.0,1,51.638,23.79
P2,LateralSensory,7,9,0.8,1,0.333,1,51.638,0.0
P2,LateralSensory,7,16,1.131,0,0.0,1,51.638,23.79
P2,LateralSensory,7,26,1.789,1,0.333,1,51.638,0.0
P2,LateralSensory,7,11,1.2,0,0.0,1,51.638,23.79
P2,LateralSensory,7,6,1.265,1,0.333,1,0.0,23.79
P2,LateralSensory,7,22,1.697,0,0.0,1,51.638,23.79
P2,LateralSensory,7,31,2.332,0,0.0,1,nan,23.79
P2,LateralSensory,14,25,0.8,0,0.0,1,51.638,23.79
P2,LateralSensory,14,4,0.566,1,0.333,1,51.638,0.0
P2,LateralSensory,14,19,0.566,0,0.0,1,51.638,23.79
P2,LateralSensory,14,9,1.131,1,0.333,1,51.638,0.0
P2,LateralSensory,14,16,0.8,0,0.0,1,51.638,23.79
P2,LateralSensory,14,26,1.131,1,0.333,1,51.638,0.0
P2,LateralSensory,14,11,1.442,0,0.0,1,51.638,23.79
P2,LateralSensory,14,6,1.265,1,0.333,1,0.0,23.79
P2,LateralSensory,14,22,1.265,0,0.0,1,51.638,23.79
P2,LateralSensory,14,31,1.697,0,0.0,1,nan,23.79
P2,LateralSensory,25,4,1.265,1,0.333,1,0.0,23.79
P2,LateralSensory,25,19,0.566,1,1.0,1,0.0,0.0
P2,LateralSensory,25,9,1.789,1,0.333,1,0.0,23.79
P2,LateralSensory,25,16,1.131,1,1.0,1,0.0,0.0
P2,LateralSensory,25,26,0.8,1,0.333,1,0.0,23.79
P2,LateralSensory,25,11,2.0,1,1.0,1,0.0,0.0
P2,LateralSensory,25,6,1.697,1,0.333,1,51.638,0.0
P2,LateralSensory,25,22,1.265,1,1.0,1,0.0,0.0
P2,LateralSensory,25,31,1.265,1,0.5,1,nan,0.0
P2,LateralSensory,4,19,0.8,1,0.333,1,0.0,23.79
P2,LateralSensory,4,9,0.566,1,1.0,1,0.0,0.0
P2,LateralSensory,4,16,0.566,1,0.333,1,0.0,23.79
P2,LateralSensory,4,26,1.265,1,1.0,1,0.0,0.0
P2,LateralSensory,4,11,0.894,1,0.333,1,0.0,23.79
P2,LateralSensory,4,6,0.8,0,0.0,1,51.638,23.79
P2,LateralSensory,4,22,1.131,1,0.333,1,0.0,23.79
P2,LateralSensory,4,31,1.789,0,0.0,1,nan,23.79
P2,LateralSensory,19,9,1.265,1,0.333,1,0.0,23.79
P2,LateralSensory,19,16,0.566,1,1.0,1,0.0,0.0
P2,LateralSensory,19,26,0.566,1,0.333,1,0.0,23.79
P2,LateralSensory,19,11,1.442,1,1.0,1,0.0,0.0
P2,LateralSensory,19,6,1.131,1,0.333,1,51.638,0.0
P2,LateralSensory,19,22,0.8,1,1.0,1,0.0,0.0
P2,LateralSensory,19,31,1.131,1,0.5,1,nan,0.0
P2,LateralSensory,9,16,0.8,1,0.333,1,0.0,23.79
P2,LateralSensory,9,26,1.6,1,1.0,1,0.0,0.0
P2,LateralSensory,9,11,0.4,1,0.333,1,0.0,23.79
P2,LateralSensory,9,6,0.566,0,0.0,1,51.638,23.79
P2,LateralSensory,9,22,1.265,1,0.333,1,0.0,23.79
P2,LateralSensory,9,31,2.04,0,0.0,1,nan,23.79
P2,LateralSensory,16,26,0.8,1,0.333,1,0.0,23.79
P2,LateralSensory,16,11,0.894,1,1.0,1,0.0,0.0
P2,LateralSensory,16,6,0.566,1,0.333,1,51.638,0.0
P2,LateralSensory,16,22,0.566,1,1.0,1,0.0,0.0
P2,LateralSensory,16,31,1.265,1,0.5,1,nan,0.0
P2,LateralSensory,26,11,1.649,1,0.333,1,0.0,23.79
P2,LateralSensory,26,6,1.265,0,0.0,1,51.638,23.79
P2,LateralSensory,26,22,0.566,1,0.333,1,0.0,23.79
P2,LateralSensory,26,31,0.566,0,0.0,1,nan,23.79
P2,LateralSensory,11,6,0.4,1,0.333,1,51.638,0.0
P2,LateralSensory,11,22,1.2,1,1.0,1,0.0,0.0
P2,LateralSensory,11,31,2.0,1,0.5,1,nan,0.0
P2,LateralSensory,6,22,0.8,1,0.333,1,51.638,0.0
P2,LateralSensory,6,31,1.6,1,0.5,1,nan,0.0
P2,LateralSensory,22,31,0.8,1,0.5,1,nan,0.0
P2,MedialSensory,33,40,0.8,0,0.0,0,123.774,nan
P2,MedialSensory,33,53,1.6,0,0.0,0,123.774,nan
P2,MedialSensory,33,59,2.0,0,0.0,0,123.774,nan
P2,MedialSensory,33,45,0.566,0,0.0,0,123.774,nan
P2,MedialSensory,33,49,1.265,0,0.0,0,123.774,nan
P2,MedialSensory,33,60,2.04,0,0.0,0,123.774,nan
P2,MedialSensory,33,35,0.8,0,0.0,0,123.774,nan
P2,MedialSensory,33,42,1.131,0,0.0,0,123.774,nan
P2,MedialSensory,33,55,1.789,0,0.0,0,123.774,nan
P2,MedialSensory,33,47,1.265,0,0.0,0,123.774,nan
P2,MedialSensory,33,50,1.697,0,0.0,0,123.774,nan
P2,MedialSensory,33,37,1.6,0,0.0,0,123.774,nan
P2,MedialSensory,33,44,1.789,0,0.0,0,123.774,nan
P2,MedialSensory,33,56,2.263,0,0.0,0,102.01,nan
P2,MedialSensory,33,34,2.04,0,0.0,0,123.774,nan
P2,MedialSensory,33,52,2.332,0,0.0,0,102.01,nan
P2,MedialSensory,33,61,2.828,0,0.0,0,102.01,nan
P2,MedialSensory,33,39,2.4,0,0.0,0,102.01,nan
P2,MedialSensory,33,46,2.53,0,0.0,0,102.01,nan
P2,MedialSensory,33,57,2.884,0,0.0,0,102.01,nan
P2,MedialSensory,33,36,2.828,0,0.0,0,102.01,nan
P2,MedialSensory,33,51,3.046,0,0.0,0,102.01,nan
P2,MedialSensory,33,64,3.441,0,0.0,0,102.01,nan
P2,MedialSensory,33,41,3.2,0,0.0,0,102.01,nan
P2,MedialSensory,33,48,3.298,0,0.0,0,102.01,nan
P2,MedialSensory,33,58,3.578,0,0.0,0,102.01,nan
P2,MedialSensory,33,43,3.6,0,0.0,0,123.774,nan
P2,MedialSensory,33,38,3.622,0,0.0,0,102.01,nan
P2,MedialSensory,33,54,3.795,0,0.0,0,102.01,nan
P2,MedialSensory,33,63,4.118,0,0.0,0,102.01,nan
P2,MedialSensory,40,53,0.8,1,1.0,1,0.0,nan
P2,MedialSensory,40,59,1.2,1,1.0,1,0.0,nan
P2,MedialSensory,40,45,0.566,1,1.0,1,0.0,nan
P2,MedialSensory,40,49,0.566,1,1.0,1,0.0,nan
P2,MedialSensory,40,60,1.265,1,1.0,1,0.0,nan
P2,MedialSensory,40,35,1.131,1,1.0,1,0.0,nan
P2,MedialSensory,40,42,0.8,1,0.5,1,0.0,nan
P2,MedialSensory,40,55,1.131,1,1.0,1,0.0,nan
P2,MedialSensory,40,47,1.265,1,1.0,1,0.0,nan
P2,MedialSensory,40,50,1.265,1,1.0,1,0.0,nan
P2,MedialSensory,40,37,1.789,1,1.0,1,0.0,nan
P2,MedialSensory,40,44,1.6,1,1.0,1,0.0,nan
P2,MedialSensory,40,56,1.789,0,0.0,1,23.022,nan
P2,MedialSensory,40,34,2.04,1,1.0,1,0.0,nan
P2,MedialSensory,40,52,2.04,0,0.0,1,23.022,nan
P2,MedialSensory,40,61,2.332,0,0.0,1,23.022,nan
P2,MedialSensory,40,39,2.53,0,0.0,1,23.022,nan
P2,MedialSensory,40,46,2.4,0,0.0,1,23.022,nan
P2,MedialSensory,40,57,2.53,0,0.0,1,23.022,nan
P2,MedialSensory,40,36,2.828,0,0.0,1,23.022,nan
P2,MedialSensory,40,51,2.828,0,0.0,1,23.022,nan
P2,MedialSensory,40,64,3.046,0,0.0,1,23.022,nan
P2,MedialSensory,40,41,3.298,0,0.0,1,23.022,nan
P2,MedialSensory,40,48,3.2,0,0.0,1,23.022,nan
P2,MedialSensory,40,58,3.298,0,0.0,1,23.022,nan
P2,MedialSensory,40,43,3.688,1,1.0,1,0.0,nan
P2,MedialSensory,40,38,3.622,0,0.0,1,23.022,nan
P2,MedialSensory,40,54,3.622,0,0.0,1,23.022,nan
P2,MedialSensory,40,63,3.795,0,0.0,1,23.022,nan
P2,MedialSensory,53,59,0.4,1,1.0,1,0.0,nan
P2,MedialSensory,53,45,1.265,1,1.0,1,0.0,nan
P2,MedialSensory,53,49,0.566,1,1.0,1,0.0,nan
P2,MedialSensory,53,60,0.566,1,1.0,1,0.0,nan
P2,MedialSensory,53,35,1.789,1,1.0,1,0.0,nan
P2,MedialSensory,53,42,1.131,1,0.5,1,0.0,nan
P2,MedialSensory,53,55,0.8,1,1.0,1,0.0,nan
P2,MedialSensory,53,47,1.697,1,1.0,1,0.0,nan
P2,MedialSensory,53,50,1.265,1,1.0,1,0.0,nan
P2,MedialSensory,53,37,2.263,1,1.0,1,0.0,nan
P2,MedialSensory,53,44,1.789,1,1.0,1,0.0,nan
P2,MedialSensory,53,56,1.6,0,0.0,1,23.022,nan
P2,MedialSensory,53,34,2.332,1,1.0,1,0.0,nan
P2,MedialSensory,53,52,2.04,0,0.0,1,23.022,nan
P2,MedialSensory,53,61,2.04,0,0.0,1,23.022,nan
P2,MedialSensory,53,39,2.884,0,0.0,1,23.022,nan
P2,MedialSensory,53,46,2.53,0,0.0,1,23.022,nan
P2,MedialSensory,53,57,2.4,0,0.0,1,23.022,nan
P2,MedialSensory,53,36,3.046,0,0.0,1,23.022,nan
P2,MedialSensory,53,51,2.828,0,0.0,1,23.022,nan
P2,MedialSensory,53,64,2.828,0,0.0,1,23.022,nan
P2,MedialSensory,53,41,3.578,0,0.0,1,23.022,nan
P2,MedialSensory,53,48,3.298,0,0.0,1,23.022,nan
P2,MedialSensory,53,58,3.2,0,0.0,1,23.022,nan
P2,MedialSensory,53,43,3.94,1,1.0,1,0.0,nan
P2,MedialSensory,53,38,3.795,0,0.0,1,23.022,nan
P2,MedialSensory,53,54,3.622,0,0.0,1,23.022,nan
P2,MedialSensory,53,63,3.622,0,0.0,1,23.022,nan
P2,MedialSensory,59,45,1.649,1,1.0,1,0.0,nan
P2,MedialSensory,59,49,0.894,1,1.0,1,0.0,nan
P2,MedialSensory,59,60,0.4,1,1.0,1,0.0,nan
P2,MedialSensory,59,35,2.154,1,1.0,1,0.0,nan
P2,MedialSensory,59,42,1.442,1,0.5,1,0.0,nan
P2,MedialSensory,59,55,0.894,1,1.0,1,0.0,nan
P2,MedialSensory,59,47,2.0,1,1.0,1,0.0,nan
P2,MedialSensory,59,50,1.442,1,1.0,1,0.0,nan
P2,MedialSensory,59,37,2.561,1,1.0,1,0.0,nan
P2,MedialSensory,59,44,2.0,1,1.0,1,0.0,nan
P2,MedialSensory,59,56,1.649,0,0.0,1,23.022,nan
P2,MedialSensory,59,34,2.561,1,1.0,1,0.0,nan
P2,MedialSensory,59,52,2.154,0,0.0,1,23.022,nan
P2,MedialSensory,59,61,2.0,0,0.0,1,23.022,nan
P2,MedialSensory,59,39,3.124,0,0.0,1,23.022,nan
P2,MedialSensory,59,46,2.683,0,0.0,1,23.022,nan
P2,MedialSensory,59,57,2.433,0,0.0,1,23.022,nan
P2,MedialSensory,59,36,3.225,0,0.0,1,23.022,nan
P2,MedialSensory,59,51,2.912,0,0.0,1,23.022,nan
P2,MedialSensory,59,64,2.8,0,0.0,1,23.022,nan
P2,MedialSensory,59,41,3.774,0,0.0,1,23.022,nan
P2,MedialSensory,59,48,3.418,0,0.0,1,23.022,nan
P2,MedialSensory,59,58,3.225,0,0.0,1,23.022,nan
P2,MedialSensory,59,43,4.118,1,1.0,1,0.0,nan
P2,MedialSensory,59,38,3.94,0,0.0,1,23.022,nan
P2,MedialSensory,59,54,3.688,0,0.0,1,23.022,nan
P2,MedialSensory,59,63,3.6,0,0.0,1,23.022,nan
P2,MedialSensory,45,49,0.8,1,1.0,1,0.0,nan
P2,MedialSensory,45,60,1.6,1,1.0,1,0.0,nan
P2,MedialSensory,45,35,0.566,1,1.0,1,0.0,nan
P2,MedialSensory,45,42,0.566,1,0.5,1,0.0,nan
P2,MedialSensory,45,55,1.265,1,1.0,1,0.0,nan
P2,MedialSensory,45,47,0.8,1,1.0,1,0.0,nan
P2,MedialSensory,45,50,1.131,1,1.0,1,0.0,nan
P2,MedialSensory,45,37,1.265,1,1.0,1,0.0,nan
P2,MedialSensory,45,44,1.265,1,1.0,1,0.0,nan
P2,MedialSensory,45,56,1.697,0,0.0,1,23.022,nan
P2,MedialSensory,45,34,1.6,1,1.0,1,0.0,nan
P2,MedialSensory,45,52,1.789,0,0.0,1,23.022,nan
P2,MedialSensory,45,61,2.263,0,0.0,1,23.022,nan
P2,MedialSensory,45,39,2.04,0,0.0,1,23.022,nan
P2,MedialSensory,45,46,2.04,0,0.0,1,23.022,nan
P2,MedialSensory,45,57,2.332,0,0.0,1,23.022,nan
P2,MedialSensory,45,36,2.4,0,0.0,1,23.022,nan
P2,MedialSensory,45,51,2.53,0,0.0,1,23.022,nan
P2,MedialSensory,45,64,2.884,0,0.0,1,23.022,nan
P2,MedialSensory,45,41,2.828,0,0.0,1,23.022,nan
P2,MedialSensory,45,48,2.828,0,0.0,1,23.022,nan
P2,MedialSensory,45,58,3.046,0,0.0,1,23.022,nan
P2,MedialSensory,45,43,3.225,1,1.0,1,0.0,nan
P2,MedialSensory,45,38,3.2,0,0.0,1,23.022,nan
P2,MedialSensory,45,54,3.298,0,0.0,1,23.022,nan
P2,MedialSensory,45,63,3.578,0,0.0,1,23.022,nan
P2,MedialSensory,49,60,0.8,1,1.0,1,0.0,nan
P2,MedialSensory,49,35,1.265,1,1.0,1,0.0,nan
P2,MedialSensory,49,42,0.566,1,0.5,1,0.0,nan
P2,MedialSensory,49,55,0.566,1,1.0,1,0.0,nan
P2,MedialSensory,49,47,1.131,1,1.0,1,0.0,nan
P2,MedialSensory,49,50,0.8,1,1.0,1,0.0,nan
P2,MedialSensory,49,37,1.697,1,1.0,1,0.0,nan
P2,MedialSensory,49,44,1.265,1,1.0,1,0.0,nan
P2,MedialSensory,49,56,1.265,0,0.0,1,23.022,nan
P2,MedialSensory,49,34,1.789,1,1.0,1,0.0,nan
P2,MedialSensory,49,52,1.6,0,0.0,1,23.022,nan
P2,MedialSensory,49,61,1.789,0,0.0,1,23.022,nan
P2,MedialSensory,49,39,2.332,0,0.0,1,23.022,nan
P2,MedialSensory,49,46,2.04,0,0.0,1,23.022,nan
P2,MedialSensory,49,57,2.04,0,0.0,1,23.022,nan
P2,MedialSensory,49,36,2.53,0,0.0,1,23.022,nan
P2,MedialSensory,49,51,2.4,0,0.0,1,23.022,nan
P2,MedialSensory,49,64,2.53,0,0.0,1,23.022,nan
P2,MedialSensory,49,41,3.046,0,0.0,1,23.022,nan
P2,MedialSensory,49,48,2.828,0,0.0,1,23.022,nan
P2,MedialSensory,49,58,2.828,0,0.0,1,23.022,nan
P2,MedialSensory,49,43,3.418,1,1.0,1,0.0,nan
P2,MedialSensory,49,38,3.298,0,0.0,1,23.022,nan
P2,MedialSensory,49,54,3.2,0,0.0,1,23.022,nan
P2,MedialSensory,49,63,3.298,0,0.0,1,23.022,nan
P2,MedialSensory,60,35,2.04,1,1.0,1,0.0,nan
P2,MedialSensory,60,42,1.265,1,0.5,1,0.0,nan
P2,MedialSensory,60,55,0.566,1,1.0,1,0.0,nan
P2,MedialSensory,60,47,1.789,1,1.0,1,0.0,nan
P2,MedialSensory,60,50,1.131,1,1.0,1,0.0,nan
P2,MedialSensory,60,37,2.332,1,1.0,1,0.0,nan
P2,MedialSensory,60,44,1.697,1,1.0,1,0.0,nan
P2,MedialSensory,60,56,1.265,0,0.0,1,23.022,nan
P2,MedialSensory,60,34,2.263,1,1.0,1,0.0,nan
P2,MedialSensory,60,52,1.789,0,0.0,1,23.022,nan
P2,MedialSensory,60,61,1.6,0,0.0,1,23.022,nan
P2,MedialSensory,60,39,2.828,0,0.0,1,23.022,nan
P2,MedialSensory,60,46,2.332,0,0.0,1,23.022,nan
P2,MedialSensory,60,57,2.04,0,0.0,1,23.022,nan
P2,MedialSensory,60,36,2.884,0,0.0,1,23.022,nan
P2,MedialSensory,60,51,2.53,0,0.0,1,23.022,nan
P2,MedialSensory,60,64,2.4,0,0.0,1,23.022,nan
P2,MedialSensory,60,41,3.441,0,0.0,1,23.022,nan
P2,MedialSensory,60,48,3.046,0,0.0,1,23.022,nan
P2,MedialSensory,60,58,2.828,0,0.0,1,23.022,nan
P2,MedialSensory,60,43,3.774,1,1.0,1,0.0,nan
P2,MedialSensory,60,38,3.578,0,0.0,1,23.022,nan
P2,MedialSensory,60,54,3.298,0,0.0,1,23.022,nan
P2,MedialSensory,60,63,3.2,0,0.0,1,23.022,nan
P2,MedialSensory,35,42,0.8,1,0.5,1,0.0,nan
P2,MedialSensory,35,55,1.6,1,1.0,1,0.0,nan
P2,MedialSensory,35,47,0.566,1,1.0,1,0.0,nan
P2,MedialSensory,35,50,1.265,1,1.0,1,0.0,nan
P2,MedialSensory,35,37,0.8,1,1.0,1,0.0,nan
P2,MedialSensory,35,44,1.131,1,1.0,1,0.0,nan
P2,MedialSensory,35,56,1.789,0,0.0,1,23.022,nan
P2,MedialSensory,35,34,1.265,1,1.0,1,0.0,nan
P2,MedialSensory,35,52,1.697,0,0.0,1,23.022,nan
P2,MedialSensory,35,61,2.332,0,0.0,1,23.022,nan
P2,MedialSensory,35,39,1.6,0,0.0,1,23.022,nan
P2,MedialSensory,35,46,1.789,0,0.0,1,23.022,nan
P2,MedialSensory,35,57,2.263,0,0.0,1,23.022,nan
P2,MedialSensory,35,36,2.04,0,0.0,1,23.022,nan
P2,MedialSensory,35,51,2.332,0,0.0,1,23.022,nan
P2,MedialSensory,35,64,2.828,0,0.0,1,23.022,nan
P2,MedialSensory,35,41,2.4,0,0.0,1,23.022,nan
P2,MedialSensory,35,48,2.53,0,0.0,1,23.022,nan
P2,MedialSensory,35,58,2.884,0,0.0,1,23.022,nan
P2,MedialSensory,35,43,2.8,1,1.0,1,0.0,nan
P2,MedialSensory,35,38,2.828,0,0.0,1,23.022,nan
P2,MedialSensory,35,54,3.046,0,0.0,1,23.022,nan
P2,MedialSensory,35,63,3.441,0,0.0,1,23.022,nan
P2,MedialSensory,42,55,0.8,1,0.5,1,0.0,nan
P2,MedialSensory,42,47,0.566,1,0.5,1,0.0,nan
P2,MedialSensory,42,50,0.566,1,0.5,1,0.0,nan
P2,MedialSensory,42,37,1.131,1,0.5,1,0.0,nan
P2,MedialSensory,42,44,0.8,1,0.5,1,0.0,nan
P2,MedialSensory,42,56,1.131,0,0.0,1,23.022,nan
P2,MedialSensory,42,34,1.265,1,0.5,1,0.0,nan
P2,MedialSensory,42,52,1.265,0,0.0,1,23.022,nan
P2,MedialSensory,42,61,1.697,0,0.0,1,23.022,nan
P2,MedialSensory,42,39,1.789,0,0.0,1,23.022,nan
P2,MedialSensory,42,46,1.6,0,0.0,1,23.022,nan
P2,MedialSensory,42,57,1.789,0,0.0,1,23.022,nan
P2,MedialSensory,42,36,2.04,0,0.0,1,23.022,nan
P2,MedialSensory,42,51,2.04,0,0.0,1,23.022,nan
P2,MedialSensory,42,64,2.332,0,0.0,1,23.022,nan
P2,MedialSensory,42,41,2.53,0,0.0,1,23.022,nan
P2,MedialSensory,42,48,2.4,0,0.0,1,23.022,nan
P2,MedialSensory,42,58,2.53,0,0.0,1,23.022,nan
P2,MedialSensory,42,43,2.912,1,0.5,1,0.0,nan
P2,MedialSensory,42,38,2.828,0,0.0,1,23.022,nan
P2,MedialSensory,42,54,2.828,0,0.0,1,23.022,nan
P2,MedialSensory,42,63,3.046,0,0.0,1,23.022,nan
P2,MedialSensory,55,47,1.265,1,1.0,1,0.0,nan
P2,MedialSensory,55,50,0.566,1,1.0,1,0.0,nan
P2,MedialSensory,55,37,1.789,1,1.0,1,0.0,nan
P2,MedialSensory,55,44,1.131,1,1.0,1,0.0,nan
P2,MedialSensory,55,56,0.8,0,0.0,1,23.022,nan
P2,MedialSensory,55,34,1.697,1,1.0,1,0.0,nan
P2,MedialSensory,55,52,1.265,0,0.0,1,23.022,nan
P2,MedialSensory,55,61,1.265,0,0.0,1,23.022,nan
P2,MedialSensory,55,39,2.263,0,0.0,1,23.022,nan
P2,MedialSensory,55,46,1.789,0,0.0,1,23.022,nan
P2,MedialSensory,55,57,1.6,0,0.0,1,23.022,nan
P2,MedialSensory,55,36,2.332,0,0.0,1,23.022,nan
P2,MedialSensory,55,51,2.04,0,0.0,1,23.022,nan
P2,MedialSensory,55,64,2.04,0,0.0,1,23.022,nan
P2,MedialSensory,55,41,2.884,0,0.0,1,23.022,nan
P2,MedialSensory,55,48,2.53,0,0.0,1,23.022,nan
P2,MedialSensory,55,58,2.4,0,0.0,1,23.022,nan
P2,MedialSensory,55,43,3.225,1,1.0,1,0.0,nan
P2,MedialSensory,55,38,3.046,0,0.0,1,23.022,nan
P2,MedialSensory,55,54,2.828,0,0.0,1,23.022,nan
P2,MedialSensory,55,63,2.828,0,0.0,1,23.022,nan
P2,MedialSensory,47,50,0.8,1,1.0,1,0.0,nan
P2,MedialSensory,47,37,0.566,1,1.0,1,0.0,nan
P2,MedialSensory,47,44,0.566,1,1.0,1,0.0,nan
P2,MedialSensory,47,56,1.265,0,0.0,1,23.022,nan
P2,MedialSensory,47,34,0.8,1,1.0,1,0.0,nan
P2,MedialSensory,47,52,1.131,0,0.0,1,23.022,nan
P2,MedialSensory,47,61,1.789,0,0.0,1,23.022,nan
P2,MedialSensory,47,39,1.265,0,0.0,1,23.022,nan
P2,MedialSensory,47,46,1.265,0,0.0,1,23.022,nan
P2,MedialSensory,47,57,1.697,0,0.0,1,23.022,nan
P2,MedialSensory,47,36,1.6,0,0.0,1,23.022,nan
P2,MedialSensory,47,51,1.789,0,0.0,1,23.022,nan
P2,MedialSensory,47,64,2.263,0,0.0,1,23.022,nan
P2,MedialSensory,47,41,2.04,0,0.0,1,23.022,nan
P2,MedialSensory,47,48,2.04,0,0.0,1,23.022,nan
P2,MedialSensory,47,58,2.332,0,0.0,1,23.022,nan
P2,MedialSensory,47,43,2.433,1,1.0,1,0.0,nan
P2,MedialSensory,47,38,2.4,0,0.0,1,23.022,nan
P2,MedialSensory,47,54,2.53,0,0.0,1,23.022,nan
P2,MedialSensory,47,63,2.884,0,0.0,1,23.022,nan
P2,MedialSensory,50,37,1.265,1,1.0,1,0.0,nan
P2,MedialSensory,50,44,0.566,1,1.0,1,0.0,nan
P2,MedialSensory,50,56,0.566,0,0.0,1,23.022,nan
P2,MedialSensory,50,34,1.131,1,1.0,1,0.0,nan
P2,MedialSensory,50,52,0.8,0,0.0,1,23.022,nan
P2,MedialSensory,50,61,1.131,0,0.0,1,23.022,nan
P2,MedialSensory,50,39,1.697,0,0.0,1,23.022,nan
P2,MedialSensory,50,46,1.265,0,0.0,1,23.022,nan
P2,MedialSensory,50,57,1.265,0,0.0,1,23.022,nan
P2,MedialSensory,50,36,1.789,0,0.0,1,23.022,nan
P2,MedialSensory,50,51,1.6,0,0.0,1,23.022,nan
P2,MedialSensory,50,64,1.789,0,0.0,1,23.022,nan
P2,MedialSensory,50,41,2.332,0,0.0,1,23.022,nan
P2,MedialSensory,50,48,2.04,0,0.0,1,23.022,nan
P2,MedialSensory,50,58,2.04,0,0.0,1,23.022,nan
P2,MedialSensory,50,43,2.683,1,1.0,1,0.0,nan
P2,MedialSensory,50,38,2.53,0,0.0,1,23.022,nan
P2,MedialSensory,50,54,2.4,0,0.0,1,23.022,nan
P2,MedialSensory,50,63,2.53,0,0.0,1,23.022,nan
P2,MedialSensory,37,44,0.8,1,1.0,1,0.0,nan
P2,MedialSensory,37,56,1.6,0,0.0,1,23.022,nan
P2,MedialSensory,37,34,0.566,1,1.0,1,0.0,nan
P2,MedialSensory,37,52,1.265,0,0.0,1,23.022,nan
P2,MedialSensory,37,61,2.04,0,0.0,1,23.022,nan
P2,MedialSensory,37,39,0.8,0,0.0,1,23.022,nan
P2,MedialSensory,37,46,1.131,0,0.0,1,23.022,nan
P2,MedialSensory,37,57,1.789,0,0.0,1,23.022,nan
P2,MedialSensory,37,36,1.265,0,0.0,1,23.022,nan
P2,MedialSensory,37,51,1.697,0,0.0,1,23.022,nan
P2,MedialSensory,37,64,2.332,0,0.0,1,23.022,nan
P2,MedialSensory,37,41,1.6,0,0.0,1,23.022,nan
P2,MedialSensory,37,48,1.789,0,0.0,1,23.022,nan
P2,MedialSensory,37,58,2.263,0,0.0,1,23.022,nan
P2,MedialSensory,37,43,2.0,1,1.0,1,0.0,nan
P2,MedialSensory,37,38,2.04,0,0.0,1,23.022,nan
P2,MedialSensory,37,54,2.332,0,0.0,1,23.022,nan
P2,MedialSensory,37,63,2.828,0,0.0,1,23.022,nan
P2,MedialSensory,44,56,0.8,0,0.0,1,23.022,nan
P2,MedialSensory,44,34,0.566,1,1.0,1,0.0,nan
P2,MedialSensory,44,52,0.566,0,0.0,1,23.022,nan
P2,MedialSensory,44,61,1.265,0,0.0,1,23.022,nan
P2,MedialSensory,44,39,1.131,0,0.0,1,23.022,nan
P2,MedialSensory,44,46,0.8,0,0.0,1,23.022,nan
P2,MedialSensory,44,57,1.131,0,0.0,1,23.022,nan
P2,MedialSensory,44,36,1.265,0,0.0,1,23.022,nan
P2,MedialSensory,44,51,1.265,0,0.0,1,23.022,nan
P2,MedialSensory,44,64,1.697,0,0.0,1,23.022,nan
P2,MedialSensory,44,41,1.789,0,0.0,1,23.022,nan
P2,MedialSensory,44,48,1.6,0,0.0,1,23.022,nan
P2,MedialSensory,44,58,1.789,0,0.0,1,23.022,nan
P2,MedialSensory,44,43,2.154,1,1.0,1,0.0,nan
P2,MedialSensory,44,38,2.04,0,0.0,1,23.022,nan
P2,MedialSensory,44,54,2.04,0,0.0,1,23.022,nan
P2,MedialSensory,44,63,2.332,0,0.0,1,23.022,nan
P2,MedialSensory,56,34,1.265,0,0.0,1,23.022,nan
P2,MedialSensory,56,52,0.566,1,1.0,1,0.0,nan
P2,MedialSensory,56,61,0.566,1,1.0,1,0.0,nan
P2,MedialSensory,56,39,1.789,1,1.0,1,0.0,nan
P2,MedialSensory,56,46,1.131,1,1.0,1,0.0,nan
P2,MedialSensory,56,57,0.8,1,1.0,1,0.0,nan
P2,MedialSensory,56,36,1.697,1,1.0,1,0.0,nan
P2,MedialSensory,56,51,1.265,1,1.0,1,0.0,nan
P2,MedialSensory,56,64,1.265,1,1.0,1,0.0,nan
P2,MedialSensory,56,41,2.263,1,1.0,1,0.0,nan
P2,MedialSensory,56,48,1.789,1,1.0,1,0.0,nan
P2,MedialSensory,56,58,1.6,1,1.0,1,0.0,nan
P2,MedialSensory,56,43,2.561,0,0.0,1,23.022,nan
P2,MedialSensory,56,38,2.332,1,1.0,1,0.0,nan
P2,MedialSensory,56,54,2.04,1,1.0,1,0.0,nan
P2,MedialSensory,56,63,2.04,1,1.0,1,0.0,nan
P2,MedialSensory,34,52,0.8,0,0.0,1,23.022,nan
P2,MedialSensory,34,61,1.6,0,0.0,1,23.022,nan
P2,MedialSensory,34,39,0.566,0,0.0,1,23.022,nan
P2,MedialSensory,34,46,0.566,0,0.0,1,23.022,nan
P2,MedialSensory,34,57,1.265,0,0.0,1,23.022,nan
P2,MedialSensory,34,36,0.8,0,0.0,1,23.022,nan
P2,MedialSensory,34,51,1.131,0,0.0,1,23.022,nan
P2,MedialSensory,34,64,1.789,0,0.0,1,23.022,nan
P2,MedialSensory,34,41,1.265,0,0.0,1,23.022,nan
P2,MedialSensory,34,48,1.265,0,0.0,1,23.022,nan
P2,MedialSensory,34,58,1.697,0,0.0,1,23.022,nan
P2,MedialSensory,34,43,1.649,1,1.0,1,0.0,nan
P2,MedialSensory,34,38,1.6,0,0.0,1,23.022,nan
P2,MedialSensory,34,54,1.789,0,0.0,1,23.022,nan
P2,MedialSensory,34,63,2.263,0,0.0,1,23.022,nan
P2,MedialSensory,52,61,0.8,1,1.0,1,0.0,nan
P2,MedialSensory,52,39,1.265,1,1.0,1,0.0,nan
P2,MedialSensory,52,46,0.566,1,1.0,1,0.0,nan
P2,MedialSensory,52,57,0.566,1,1.0,1,0.0,nan
P2,MedialSensory,52,36,1.131,1,1.0,1,0.0,nan
P2,MedialSensory,52,51,0.8,1,1.0,1,0.0,nan
P2,MedialSensory,52,64,1.131,1,1.0,1,0.0,nan
P2,MedialSensory,52,41,1.697,1,1.0,1,0.0,nan
P2,MedialSensory,52,48,1.265,1,1.0,1,0.0,nan
P2,MedialSensory,52,58,1.265,1,1.0,1,0.0,nan
P2,MedialSensory,52,43,2.0,0,0.0,1,23.022,nan
P2,MedialSensory,52,38,1.789,1,1.0,1,0.0,nan
P2,MedialSensory,52,54,1.6,1,1.0,1,0.0,nan
P2,MedialSensory,52,63,1.789,1,1.0,1,0.0,nan
P2,MedialSensory,61,39,2.04,1,1.0,1,0.0,nan
P2,MedialSensory,61,46,1.265,1,1.0,1,0.0,nan
P2,MedialSensory,61,57,0.566,1,1.0,1,0.0,nan
P2,MedialSensory,61,36,1.789,1,1.0,1,0.0,nan
P2,MedialSensory,61,51,1.131,1,1.0,1,0.0,nan
P2,MedialSensory,61,64,0.8,1,1.0,1,0.0,nan
P2,MedialSensory,61,41,2.332,1,1.0,1,0.0,nan
P2,MedialSensory,61,48,1.697,1,1.0,1,0.0,nan
P2,MedialSensory,61,58,1.265,1,1.0,1,0.0,nan
P2,MedialSensory,61,43,2.561,0,0.0,1,23.022,nan
P2,MedialSensory,61,38,2.263,1,1.0,1,0.0,nan
P2,MedialSensory,61,54,1.789,1,1.0,1,0.0,nan
P2,MedialSensory,61,63,1.6,1,1.0,1,0.0,nan
P2,MedialSensory,39,46,0.8,1,1.0,1,0.0,nan
P2,MedialSensory,39,57,1.6,1,1.0,1,0.0,nan
P2,MedialSensory,39,36,0.566,1,1.0,1,0.0,nan
P2,MedialSensory,39,51,1.265,1,1.0,1,0.0,nan
P2,MedialSensory,39,64,2.04,1,1.0,1,0.0,nan
P2,MedialSensory,39,41,0.8,1,1.0,1,0.0,nan
P2,MedialSensory,39,48,1.131,1,1.0,1,0.0,nan
P2,MedialSensory,39,58,1.789,1,1.0,1,0.0,nan
P2,MedialSensory,39,43,1.2,0,0.0,1,23.022,nan
P2,MedialSensory,39,38,1.265,1,1.0,1,0.0,nan
P2,MedialSensory,39,54,1.697,1,1.0,1,0.0,nan
P2,MedialSensory,39,63,2.332,1,1.0,1,0.0,nan
P2,MedialSensory,46,57,0.8,1,1.0,1,0.0,nan
P2,MedialSensory,46,36,0.566,1,1.0,1,0.0,nan
P2,MedialSensory,46,51,0.566,1,1.0,1,0.0,nan
P2,MedialSensory,46,64,1.265,1,1.0,1,0.0,nan
P2,MedialSensory,46,41,1.131,1,1.0,1,0.0,nan
P2,MedialSensory,46,48,0.8,1,1.0,1,0.0,nan
P2,MedialSensory,46,58,1.131,1,1.0,1,0.0,nan
P2,MedialSensory,46,43,1.442,0,0.0,1,23.022,nan
P2,MedialSensory,46,38,1.265,1,1.0,1,0.0,nan
P2,MedialSensory,46,54,1.265,1,1.0,1,0.0,nan
P2,MedialSensory,46,63,1.697,1,1.0,1,0.0,nan
P2,MedialSensory,57,36,1.265,1,1.0,1,0.0,nan
P2,MedialSensory,57,51,0.566,1,1.0,1,0.0,nan
P2,MedialSensory,57,64,0.566,1,1.0,1,0.0,nan
P2,MedialSensory,57,41,1.789,1,1.0,1,0.0,nan
P2,MedialSensory,57,48,1.131,1,1.0,1,0.0,nan
P2,MedialSensory,57,58,0.8,1,1.0,1,0.0,nan
P2,MedialSensory,57,43,2.0,0,0.0,1,23.022,nan
P2,MedialSensory,57,38,1.697,1,1.0,1,0.0,nan
P2,MedialSensory,57,54,1.265,1,1.0,1,0.0,nan
P2,MedialSensory,57,63,1.265,1,1.0,1,0.0,nan
P2,MedialSensory,36,51,0.8,1,1.0,1,0.0,nan
P2,MedialSensory,36,64,1.6,1,1.0,1,0.0,nan
P2,MedialSensory,36,41,0.566,1,1.0,1,0.0,nan
P2,MedialSensory,36,48,0.566,1,1.0,1,0.0,nan
P2,MedialSensory,36,58,1.265,1,1.0,1,0.0,nan
P2,MedialSensory,36,43,0.894,0,0.0,1,23.022,nan
P2,MedialSensory,36,38,0.8,1,1.0,1,0.0,nan
P2,MedialSensory,36,54,1.131,1,1.0,1,0.0,nan
P2,MedialSensory,36,63,1.789,1,1.0,1,0.0,nan
P2,MedialSensory,51,64,0.8,1,1.0,1,0.0,nan
P2,MedialSensory,51,41,1.265,1,1.0,1,0.0,nan
P2,MedialSensory,51,48,0.566,1,1.0,1,0.0,nan
P2,MedialSensory,51,58,0.566,1,1.0,1,0.0,nan
P2,MedialSensory,51,43,1.442,0,0.0,1,23.022,nan
P2,MedialSensory,51,38,1.131,1,1.0,1,0.0,nan
P2,MedialSensory,51,54,0.8,1,1.0,1,0.0,nan
P2,MedialSensory,51,63,1.131,1,1.0,1,0.0,nan
P2,MedialSensory,64,41,2.04,1,1.0,1,0.0,nan
P2,MedialSensory,64,48,1.265,1,1.0,1,0.0,nan
P2,MedialSensory,64,58,0.566,1,1.0,1,0.0,nan
P2,MedialSensory,64,43,2.154,0,0.0,1,23.022,nan
P2,MedialSensory,64,38,1.789,1,1.0,1,0.0,nan
P2,MedialSensory,64,54,1.131,1,1.0,1,0.0,nan
P2,MedialSensory,64,63,0.8,1,1.0,1,0.0,nan
P2,MedialSensory,41,48,0.8,1,1.0,1,0.0,nan
P2,MedialSensory,41,58,1.6,1,1.0,1,0.0,nan
P2,MedialSensory,41,43,0.4,0,0.0,1,23.022,nan
P2,MedialSensory,41,38,0.566,1,1.0,1,0.0,nan
P2,MedialSensory,41,54,1.265,1,1.0,1,0.0,nan
P2,MedialSensory,41,63,2.04,1,1.0,1,0.0,nan
P2,MedialSensory,48,58,0.8,1,1.0,1,0.0,nan
P2,MedialSensory,48,43,0.894,0,0.0,1,23.022,nan
P2,MedialSensory,48,38,0.566,1,1.0,1,0.0,nan
P2,MedialSensory,48,54,0.566,1,1.0,1,0.0,nan
P2,MedialSensory,48,63,1.265,1,1.0,1,0.0,nan
P2,MedialSensory,58,43,1.649,0,0.0,1,23.022,nan
P2,MedialSensory,58,38,1.265,1,1.0,1,0.0,nan
P2,MedialSensory,58,54,0.566,1,1.0,1,0.0,nan
P2,MedialSensory,58,63,0.566,1,1.0,1,0.0,nan
P2,MedialSensory,43,38,0.4,0,0.0,1,23.022,nan
P2,MedialSensory,43,54,1.2,0,0.0,1,23.022,nan
P2,MedialSensory,43,63,2.0,0,0.0,1,23.022,nan
P2,MedialSensory,38,54,0.8,1,1.0,1,0.0,nan
P2,MedialSensory,38,63,1.6,1,1.0,1,0.0,nan
P2,MedialSensory,54,63,0.8,1,1.0,1,0.0,nan
P3,LateralSensory,1,8,0.8,0,0.0,0,44.965,nan
P3,LateralSensory,1,21,1.6,0,0.0,0,62.255,nan
P3,LateralSensory,1,27,2.0,0,0.0,1,62.255,nan
P3,LateralSensory,1,13,0.566,0,0.0,0,44.965,nan
P3,LateralSensory,1,17,1.265,0,0.0,0,62.255,nan
P3,LateralSensory,1,28,2.04,0,0.0,0,62.255,nan
P3,LateralSensory,1,3,0.8,0,0.0,0,62.255,nan
P3,LateralSensory,1,10,1.131,0,0.0,0,44.965,nan
P3,LateralSensory,1,23,1.789,0,0.0,0,62.255,nan
P3,LateralSensory,1,15,1.265,0,0.0,0,44.965,nan
P3,LateralSensory,1,18,1.697,0,0.0,1,62.255,nan
P3,LateralSensory,1,29,2.332,0,0.0,0,62.255,nan
P3,LateralSensory,1,5,1.6,0,0.0,0,62.255,nan
P3,LateralSensory,1,12,1.789,0,0.0,0,62.255,nan
P3,LateralSensory,1,24,2.263,0,0.0,0,104.505,nan
P3,LateralSensory,1,2,2.04,0,0.0,0,62.255,nan
P3,LateralSensory,1,20,2.332,0,0.0,0,104.505,nan
P3,LateralSensory,1,30,2.828,0,0.0,0,62.255,nan
P3,LateralSensory,1,7,2.4,0,0.0,0,44.965,nan
P3,LateralSensory,1,14,2.53,0,0.0,0,44.965,nan
P3,LateralSensory,1,25,2.884,0,0.0,0,62.255,nan
P3,LateralSensory,1,4,2.828,0,0.0,0,44.965,nan
P3,LateralSensory,1,19,3.046,0,0.0,0,104.505,nan
P3,LateralSensory,1,9,3.2,0,0.0,0,38.467,nan
P3,LateralSensory,1,16,3.298,0,0.0,0,62.255,nan
P3,LateralSensory,1,26,3.578,0,0.0,0,104.505,nan
P3,LateralSensory,1,11,3.6,0,0.0,0,38.467,nan
P3,LateralSensory,1,22,3.795,0,0.0,0,62.255,nan
P3,LateralSensory,1,31,4.118,0,0.0,1,101.792,nan
P3,LateralSensory,8,21,0.8,0,0.0,0,24.462,nan
P3,LateralSensory,8,27,1.2,0,0.0,0,24.462,nan
P3,LateralSensory,8,13,0.566,1,0.5,1,0.0,nan
P3,LateralSensory,8,17,0.566,0,0.0,0,24.462,nan
P3,LateralSensory,8,28,1.265,0,0.0,0,24.462,nan
P3,LateralSensory,8,3,1.131,0,0.0,0,24.462,nan
P3,LateralSensory,8,10,0.8,1,0.5,1,0.0,nan
P3,LateralSensory,8,23,1.131,0,0.0,0,24.462,nan
P3,LateralSensory,8,15,1.265,1,1.0,1,0.0,nan
P3,LateralSensory,8,18,1.265,0,0.0,0,24.462,nan
P3,LateralSensory,8,29,1.697,0,0.0,0,24.462,nan
P3,LateralSensory,8,5,1.789,0,0.0,0,24.462,nan
P3,LateralSensory,8,12,1.6,0,0.0,0,24.462,nan
P3,LateralSensory,8,24,1.789,0,0.0,0,59.948,nan
P3,LateralSensory,8,2,2.04,0,0.0,1,24.462,nan
P3,LateralSensory,8,20,2.04,0,0.0,0,59.948,nan
P3,LateralSensory,8,30,2.332,0,0.0,0,24.462,nan
P3,LateralSensory,8,7,2.53,1,0.5,1,0.0,nan
P3,LateralSensory,8,14,2.4,1,0.5,1,0.0,nan
P3,LateralSensory,8,25,2.53,0,0.0,0,24.462,nan
P3,LateralSensory,8,4,2.828,1,0.5,1,0.0,nan
P3,LateralSensory,8,19,2.828,0,0.0,0,59.948,nan
P3,LateralSensory,8,9,3.298,0,0.0,1,24.214,nan
P3,LateralSensory,8,16,3.2,0,0.0,1,24.462,nan
P3,LateralSensory,8,26,3.298,0,0.0,0,59.948,nan
P3,LateralSensory,8,11,3.688,0,0.0,1,24.214,nan
P3,LateralSensory,8,22,3.622,0,0.0,0,24.462,nan
P3,LateralSensory,8,31,3.795,0,0.0,0,57.166,nan
P3,LateralSensory,21,27,0.4,1,0.5,1,0.0,nan
P3,LateralSensory,21,13,1.265,0,0.0,0,24.462,nan
P3,LateralSensory,21,17,0.566,1,1.0,1,0.0,nan
P3,LateralSensory,21,28,0.566,1,1.0,1,0.0,nan
P3,LateralSensory,21,3,1.789,1,1.0,1,0.0,nan
P3,LateralSensory,21,10,1.131,0,0.0,0,24.462,nan
P3,LateralSensory,21,23,0.8,1,1.0,1,0.0,nan
P3,LateralSensory,21,15,1.697,0,0.0,0,24.462,nan
P3,LateralSensory,21,18,1.265,1,0.5,1,0.0,nan
P3,LateralSensory,21,29,1.265,1,1.0,1,0.0,nan
P3,LateralSensory,21,5,2.263,1,1.0,1,0.0,nan
P3,LateralSensory,21,12,1.789,1,1.0,1,0.0,nan
P3,LateralSensory,21,24,1.6,0,0.0,0,46.024,nan
P3,LateralSensory,21,2,2.332,1,0.5,1,0.0,nan
P3,LateralSensory,21,20,2.04,0,0.0,0,46.024,nan
P3,LateralSensory,21,30,2.04,1,0.5,1,0.0,nan
P3,LateralSensory,21,7,2.884,0,0.0,0,24.462,nan
P3,LateralSensory,21,14,2.53,0,0.0,0,24.462,nan
P3,LateralSensory,21,25,2.4,1,0.5,1,0.0,nan
P3,LateralSensory,21,4,3.046,0,0.0,0,24.462,nan
P3,LateralSensory,21,19,2.828,0,0.0,0,46.024,nan
P3,LateralSensory,21,9,3.578,0,0.0,0,48.652,nan
P3,LateralSensory,21,16,3.298,1,0.5,1,0.0,nan
P3,LateralSensory,21,26,3.2,0,0.0,0,46.024,nan
P3,LateralSensory,21,11,3.94,0,0.0,0,48.652,nan
P3,LateralSensory,21,22,3.622,1,1.0,1,0.0,nan
P3,LateralSensory,21,31,3.622,0,0.0,0,51.638,nan
P3,LateralSensory,27,13,1.649,0,0.0,0,24.462,34.162
P3,LateralSensory,27,17,0.894,1,0.5,1,0.0,nan
P3,LateralSensory,27,28,0.4,1,0.5,1,0.0,nan
P3,LateralSensory,27,3,2.154,1,0.5,1,0.0,nan
P3,LateralSensory,27,10,1.442,0,0.0,0,24.462,41.627
P3,LateralSensory,27,23,0.894,1,0.5,1,0.0,nan
P3,LateralSensory,27,15,2.0,0,0.0,0,24.462,nan
P3,LateralSensory,27,18,1.442,1,0.333,1,0.0,27.387
P3,LateralSensory,27,29,1.2,1,0.5,1,0.0,nan
P3,LateralSensory,27,5,2.561,1,0.5,1,0.0,nan
P3,LateralSensory,27,12,2.0,1,0.5,1,0.0,nan
P3,LateralSensory,27,24,1.649,0,0.0,0,46.024,64.715
P3,LateralSensory,27,2,2.561,1,0.333,1,0.0,41.627
P3,LateralSensory,27,20,2.154,0,0.0,0,46.024,64.715
P3,LateralSensory,27,30,2.0,1,0.333,1,0.0,101.737
P3,LateralSensory,27,7,3.124,0,0.0,0,24.462,41.627
P3,LateralSensory,27,14,2.683,0,0.0,0,24.462,41.627
P3,LateralSensory,27,25,2.433,1,0.333,1,0.0,64.715
P3,LateralSensory,27,4,3.225,0,0.0,0,24.462,41.627
P3,LateralSensory,27,19,2.912,0,0.0,0,46.024,64.715
P3,LateralSensory,27,9,3.774,0,0.0,0,48.652,nan
P3,LateralSensory,27,16,3.418,1,0.333,1,0.0,41.627
P3,LateralSensory,27,26,3.225,0,0.0,0,46.024,94.081
P3,LateralSensory,27,11,4.118,0,0.0,0,48.652,37.949
P3,LateralSensory,27,22,3.688,1,0.5,1,0.0,nan
P3,LateralSensory,27,31,3.6,1,0.333,1,51.638,0.0
P3,LateralSensory,13,17,0.8,0,0.0,0,24.462,nan
P3,LateralSensory,13,28,1.6,0,0.0,0,24.462,nan
P3,LateralSensory,13,3,0.566,0,0.0,0,24.462,nan
P3,LateralSensory,13,10,0.566,1,0.333,1,0.0,23.79
P3,LateralSensory,13,23,1.265,0,0.0,0,24.462,nan
P3,LateralSensory,13,15,0.8,1,0.5,1,0.0,nan
P3,LateralSensory,13,18,1.131,0,0.0,0,24.462,38.824
P3,LateralSensory,13,29,1.789,0,0.0,0,24.462,nan
P3,LateralSensory,13,5,1.265,0,0.0,0,24.462,nan
P3,LateralSensory,13,12,1.265,0,0.0,0,24.462,nan
P3,LateralSensory,13,24,1.697,0,0.0,0,59.948,60.07
P3,LateralSensory,13,2,1.6,0,0.0,1,24.462,23.79
P3,LateralSensory,13,20,1.789,0,0.0,0,59.948,60.07
P3,LateralSensory,13,30,2.263,0,0.0,0,24.462,81.503
P3,LateralSensory,13,7,2.04,1,0.333,1,0.0,23.79
P3,LateralSensory,13,14,2.04,1,0.333,1,0.0,23.79
P3,LateralSensory,13,25,2.332,0,0.0,0,24.462,60.07
P3,LateralSensory,13,4,2.4,1,0.333,1,0.0,23.79
P3,LateralSensory,13,19,2.53,0,0.0,0,59.948,60.07
P3,LateralSensory,13,9,2.828,0,0.0,1,24.214,nan
P3,LateralSensory,13,16,2.828,0,0.0,1,24.462,23.79
P3,LateralSensory,13,26,3.046,0,0.0,0,59.948,67.129
P3,LateralSensory,13,11,3.225,0,0.0,1,24.214,21.765
P3,LateralSensory,13,22,3.298,0,0.0,0,24.462,nan
P3,LateralSensory,13,31,3.578,0,0.0,0,57.166,34.162
P3,LateralSensory,17,28,0.8,1,1.0,1,0.0,nan
P3,LateralSensory,17,3,1.265,1,1.0,1,0.0,nan
P3,LateralSensory,17,10,0.566,0,0.0,0,24.462,nan
P3,LateralSensory,17,23,0.566,1,1.0,1,0.0,nan
P3,LateralSensory,17,15,1.131,0,0.0,0,24.462,nan
P3,LateralSensory,17,18,0.8,1,0.5,1,0.0,nan
P3,LateralSensory,17,29,1.131,1,1.0,1,0.0,nan
P3,LateralSensory,17,5,1.697,1,1.0,1,0.0,nan
P3,LateralSensory,17,12,1.265,1,1.0,1,0.0,nan
P3,LateralSensory,17,24,1.265,0,0.0,0,46.024,nan
P3,LateralSensory,17,2,1.789,1,0.5,1,0.0,nan
P3,LateralSensory,17,20,1.6,0,0.0,0,46.024,nan
P3,LateralSensory,17,30,1.789,1,0.5,1,0.0,nan
P3,LateralSensory,17,7,2.332,0,0.0,0,24.462,nan
P3,LateralSensory,17,14,2.04,0,0.0,0,24.462,nan
P3,LateralSensory,17,25,2.04,1,0.5,1,0.0,nan
P3,LateralSensory,17,4,2.53,0,0.0,0,24.462,nan
P3,LateralSensory,17,19,2.4,0,0.0,0,46.024,nan
P3,LateralSensory,17,9,3.046,0,0.0,0,48.652,nan
P3,LateralSensory,17,16,2.828,1,0.5,1,0.0,nan
P3,LateralSensory,17,26,2.828,0,0.0,0,46.024,nan
P3,LateralSensory,17,11,3.418,0,0.0,0,48.652,nan
P3,LateralSensory,17,22,3.2,1,1.0,1,0.0,nan
P3,LateralSensory,17,31,3.298,0,0.0,0,51.638,nan
P3,LateralSensory,28,3,2.04,1,1.0,1,0.0,nan
P3,LateralSensory,28,10,1.265,0,0.0,0,24.462,nan
P3,LateralSensory,28,23,0.566,1,1.0,1,0.0,nan
P3,LateralSensory,28,15,1.789,0,0.0,0,24.462,nan
P3,LateralSensory,28,18,1.131,1,0.5,1,0.0,nan
P3,LateralSensory,28,29,0.8,1,1.0,1,0.0,nan
P3,LateralSensory,28,5,2.332,1,1.0,1,0.0,nan
P3,LateralSensory,28,12,1.697,1,1.0,1,0.0,nan
P3,LateralSensory,28,24,1.265,0,0.0,0,46.024,nan
P3,LateralSensory,28,2,2.263,1,0.5,1,0.0,nan
P3,LateralSensory,28,20,1.789,0,0.0,0,46.024,nan
P3,LateralSensory,28,30,1.6,1,0.5,1,0.0,nan
P3,LateralSensory,28,7,2.828,0,0.0,0,24.462,nan
P3,LateralSensory,28,14,2.332,0,0.0,0,24.462,nan
P3,LateralSensory,28,25,2.04,1,0.5,1,0.0,nan
P3,LateralSensory,28,4,2.884,0,0.0,0,24.462,nan
P3,LateralSensory,28,19,2.53,0,0.0,0,46.024,nan
P3,LateralSensory,28,9,3.441,0,0.0,0,48.652,nan
P3,LateralSensory,28,16,3.046,1,0.5,1,0.0,nan
P3,LateralSensory,28,26,2.828,0,0.0,0,46.024,nan
P3,LateralSensory,28,11,3.774,0,0.0,0,48.652,nan
P3,LateralSensory,28,22,3.298,1,1.0,1,0.0,nan
P3,LateralSensory,28,31,3.2,0,0.0,0,51.638,nan
P3,LateralSensory,3,10,0.8,0,0.0,0,24.462,nan
P3,LateralSensory,3,23,1.6,1,1.0,1,0.0,nan
P3,LateralSensory,3,15,0.566,0,0.0,0,24.462,nan
P3,LateralSensory,3,18,1.265,1,0.5,1,0.0,nan
P3,LateralSensory,3,29,2.04,1,1.0,1,0.0,nan
P3,LateralSensory,3,5,0.8,1,1.0,1,0.0,nan
P3,LateralSensory,3,12,1.131,1,1.0,1,0.0,nan
P3,LateralSensory,3,24,1.789,0,0.0,0,46.024,nan
P3,LateralSensory,3,2,1.265,1,0.5,1,0.0,nan
P3,LateralSensory,3,20,1.697,0,0.0,0,46.024,nan
P3,LateralSensory,3,30,2.332,1,0.5,1,0.0,nan
P3,LateralSensory,3,7,1.6,0,0.0,0,24.462,nan
P3,LateralSensory,3,14,1.789,0,0.0,0,24.462,nan
P3,LateralSensory,3,25,2.263,1,0.5,1,0.0,nan
P3,LateralSensory,3,4,2.04,0,0.0,0,24.462,nan
P3,LateralSensory,3,19,2.332,0,0.0,0,46.024,nan
P3,LateralSensory,3,9,2.4,0,0.0,0,48.652,nan
P3,LateralSensory,3,16,2.53,1,0.5,1,0.0,nan
P3,LateralSensory,3,26,2.884,0,0.0,0,46.024,nan
P3,LateralSensory,3,11,2.8,0,0.0,0,48.652,nan
P3,LateralSensory,3,22,3.046,1,1.0,1,0.0,nan
P3,LateralSensory,3,31,3.441,0,0.0,0,51.638,nan
P3,LateralSensory,10,23,0.8,0,0.0,0,24.462,nan
P3,LateralSensory,10,15,0.566,1,0.5,1,0.0,nan
P3,LateralSensory,10,18,0.566,0,0.0,0,24.462,28.313
P3,LateralSensory,10,29,1.265,0,0.0,0,24.462,nan
P3,LateralSensory,10,5,1.131,0,0.0,0,24.462,nan
P3,LateralSensory,10,12,0.8,0,0.0,0,24.462,nan
P3,LateralSensory,10,24,1.131,0,0.0,0,59.948,36.683
P3,LateralSensory,10,2,1.265,1,0.333,1,24.462,0.0
P3,LateralSensory,10,20,1.265,0,0.0,0,59.948,36.683
P3,LateralSensory,10,30,1.697,0,0.0,0,24.462,61.304
P3,LateralSensory,10,7,1.789,1,1.0,1,0.0,0.0
P3,LateralSensory,10,14,1.6,1,1.0,1,0.0,0.0
P3,LateralSensory,10,25,1.789,0,0.0,0,24.462,36.683
P3,LateralSensory,10,4,2.04,1,1.0,1,0.0,0.0
P3,LateralSensory,10,19,2.04,0,0.0,0,59.948,36.683
P3,LateralSensory,10,9,2.53,0,0.0,1,24.214,nan
P3,LateralSensory,10,16,2.4,1,0.333,1,24.462,0.0
P3,LateralSensory,10,26,2.53,0,0.0,0,59.948,52.627
P3,LateralSensory,10,11,2.912,0,0.0,1,24.214,45.451
P3,LateralSensory,10,22,2.828,0,0.0,0,24.462,nan
P3,LateralSensory,10,31,3.046,0,0.0,0,57.166,41.627
P3,LateralSensory,23,15,1.265,0,0.0,0,24.462,nan
P3,LateralSensory,23,18,0.566,1,0.5,1,0.0,nan
P3,LateralSensory,23,29,0.566,1,1.0,1,0.0,nan
P3,LateralSensory,23,5,1.789,1,1.0,1,0.0,nan
P3,LateralSensory,23,12,1.131,1,1.0,1,0.0,nan
P3,LateralSensory,23,24,0.8,0,0.0,0,46.024,nan
P3,LateralSensory,23,2,1.697,1,0.5,1,0.0,nan
P3,LateralSensory,23,20,1.265,0,0.0,0,46.024,nan
P3,LateralSensory,23,30,1.265,1,0.5,1,0.0,nan
P3,LateralSensory,23,7,2.263,0,0.0,0,24.462,nan
P3,LateralSensory,23,14,1.789,0,0.0,0,24.462,nan
P3,LateralSensory,23,25,1.6,1,0.5,1,0.0,nan
P3,LateralSensory,23,4,2.332,0,0.0,0,24.462,nan
P3,LateralSensory,23,19,2.04,0,0.0,0,46.024,nan
P3,LateralSensory,23,9,2.884,0,0.0,0,48.652,nan
P3,LateralSensory,23,16,2.53,1,0.5,1,0.0,nan
P3,LateralSensory,23,26,2.4,0,0.0,0,46.024,nan
P3,LateralSensory,23,11,3.225,0,0.0,0,48.652,nan
P3,LateralSensory,23,22,2.828,1,1.0,1,0.0,nan
P3,LateralSensory,23,31,2.828,0,0.0,0,51.638,nan
P3,LateralSensory,15,18,0.8,0,0.0,0,24.462,nan
P3,LateralSensory,15,29,1.6,0,0.0,0,24.462,nan
P3,LateralSensory,15,5,0.566,0,0.0,0,24.462,nan
P3,LateralSensory,15,12,0.566,0,0.0,0,24.462,nan
P3,LateralSensory,15,24,1.265,0,0.0,0,59.948,nan
P3,LateralSensory,15,2,0.8,0,0.0,1,24.462,nan
P3,LateralSensory,15,20,1.131,0,0.0,0,59.948,nan
P3,LateralSensory,15,30,1.789,0,0.0,0,24.462,nan
P3,LateralSensory,15,7,1.265,1,0.5,1,0.0,nan
P3,LateralSensory,15,14,1.265,1,0.5,1,0.0,nan
P3,LateralSensory,15,25,1.697,0,0.0,0,24.462,nan
P3,LateralSensory,15,4,1.6,1,0.5,1,0.0,nan
P3,LateralSensory,15,19,1.789,0,0.0,0,59.948,nan
P3,LateralSensory,15,9,2.04,0,0.0,1,24.214,nan
P3,LateralSensory,15,16,2.04,0,0.0,1,24.462,nan
P3,LateralSensory,15,26,2.332,0,0.0,0,59.948,nan
P3,LateralSensory,15,11,2.433,0,0.0,1,24.214,nan
P3,LateralSensory,15,22,2.53,0,0.0,0,24.462,nan
P3,LateralSensory,15,31,2.884,0,0.0,0,57.166,nan
P3,LateralSensory,18,29,0.8,1,0.5,1,0.0,nan
P3,LateralSensory,18,5,1.265,1,0.5,1,0.0,nan
P3,LateralSensory,18,12,0.566,1,0.5,1,0.0,nan
P3,LateralSensory,18,24,0.566,0,0.0,0,46.024,38.133
P3,LateralSensory,18,2,1.131,1,0.333,1,0.0,28.313
P3,LateralSensory,18,20,0.8,0,0.0,0,46.024,38.133
P3,LateralSensory,18,30,1.131,1,0.333,1,0.0,79.803
P3,LateralSensory,18,7,1.697,0,0.0,0,24.462,28.313
P3,LateralSensory,18,14,1.265,0,0.0,0,24.462,28.313
P3,LateralSensory,18,25,1.265,1,0.333,1,0.0,38.133
P3,LateralSensory,18,4,1.789,0,0.0,0,24.462,28.313
P3,LateralSensory,18,19,1.6,0,0.0,0,46.024,38.133
P3,LateralSensory,18,9,2.332,0,0.0,0,48.652,nan
P3,LateralSensory,18,16,2.04,1,0.333,1,0.0,28.313
P3,LateralSensory,18,26,2.04,0,0.0,0,46.024,77.761
P3,LateralSensory,18,11,2.683,0,0.0,0,48.652,54.481
P3,LateralSensory,18,22,2.4,1,0.5,1,0.0,nan
P3,LateralSensory,18,31,2.53,0,0.0,1,51.638,27.387
P3,LateralSensory,29,5,2.04,1,1.0,1,0.0,nan
P3,LateralSensory,29,12,1.265,1,1.0,1,0.0,nan
P3,LateralSensory,29,24,0.566,0,0.0,0,46.024,nan
P3,LateralSensory,29,2,1.789,1,0.5,1,0.0,nan
P3,LateralSensory,29,20,1.131,0,0.0,0,46.024,nan
P3,LateralSensory,29,30,0.8,1,0.5,1,0.0,nan
P3,LateralSensory,29,7,2.332,0,0.0,0,24.462,nan
P3,LateralSensory,29,14,1.697,0,0.0,0,24.462,nan
P3,LateralSensory,29,25,1.265,1,0.5,1,0.0,nan
P3,LateralSensory,29,4,2.263,0,0.0,0,24.462,nan
P3,LateralSensory,29,19,1.789,0,0.0,0,46.024,nan
P3,LateralSensory,29,9,2.828,0,0.0,0,48.652,nan
P3,LateralSensory,29,16,2.332,1,0.5,1,0.0,nan
P3,LateralSensory,29,26,2.04,0,0.0,0,46.024,nan
P3,LateralSensory,29,11,3.124,0,0.0,0,48.652,nan
P3,LateralSensory,29,22,2.53,1,1.0,1,0.0,nan
P3,LateralSensory,29,31,2.4,0,0.0,0,51.638,nan
P3,LateralSensory,5,12,0.8,1,1.0,1,0.0,nan
P3,LateralSensory,5,24,1.6,0,0.0,0,46.024,nan
P3,LateralSensory,5,2,0.566,1,0.5,1,0.0,nan
P3,LateralSensory,5,20,1.265,0,0.0,0,46.024,nan
P3,LateralSensory,5,30,2.04,1,0.5,1,0.0,nan
P3,LateralSensory,5,7,0.8,0,0.0,0,24.462,nan
P3,LateralSensory,5,14,1.131,0,0.0,0,24.462,nan
P3,LateralSensory,5,25,1.789,1,0.5,1,0.0,nan
P3,LateralSensory,5,4,1.265,0,0.0,0,24.462,nan
P3,LateralSensory,5,19,1.697,0,0.0,0,46.024,nan
P3,LateralSensory,5,9,1.6,0,0.0,0,48.652,nan
P3,LateralSensory,5,16,1.789,1,0.5,1,0.0,nan
P3,LateralSensory,5,26,2.263,0,0.0,0,46.024,nan
P3,LateralSensory,5,11,2.0,0,0.0,0,48.652,nan
P3,LateralSensory,5,22,2.332,1,1.0,1,0.0,nan
P3,LateralSensory,5,31,2.828,0,0.0,0,51.638,nan
P3,LateralSensory,12,24,0.8,0,0.0,0,46.024,nan
P3,LateralSensory,12,2,0.566,1,0.5,1,0.0,nan
P3,LateralSensory,12,20,0.566,0,0.0,0,46.024,nan
P3,LateralSensory,12,30,1.265,1,0.5,1,0.0,nan
P3,LateralSensory,12,7,1.131,0,0.0,0,24.462,nan
P3,LateralSensory,12,14,0.8,0,0.0,0,24.462,nan
P3,LateralSensory,12,25,1.131,1,0.5,1,0.0,nan
P3,LateralSensory,12,4,1.265,0,0.0,0,24.462,nan
P3,LateralSensory,12,19,1.265,0,0.0,0,46.024,nan
P3,LateralSensory,12,9,1.789,0,0.0,0,48.652,nan
P3,LateralSensory,12,16,1.6,1,0.5,1,0.0,nan
P3,LateralSensory,12,26,1.789,0,0.0,0,46.024,nan
P3,LateralSensory,12,11,2.154,0,0.0,0,48.652,nan
P3,LateralSensory,12,22,2.04,1,1.0,1,0.0,nan
P3,LateralSensory,12,31,2.332,0,0.0,0,51.638,nan
P3,LateralSensory,24,2,1.265,0,0.0,0,46.024,36.683
P3,LateralSensory,24,20,0.566,1,1.0,1,0.0,0.0
P3,LateralSensory,24,30,0.566,0,0.0,1,46.024,47.612
P3,LateralSensory,24,7,1.789,0,0.0,0,59.948,36.683
P3,LateralSensory,24,14,1.131,0,0.0,0,59.948,36.683
P3,LateralSensory,24,25,0.8,1,0.333,1,46.024,0.0
P3,LateralSensory,24,4,1.697,0,0.0,0,59.948,36.683
P3,LateralSensory,24,19,1.265,1,1.0,1,0.0,0.0
P3,LateralSensory,24,9,2.263,0,0.0,0,78.105,nan
P3,LateralSensory,24,16,1.789,0,0.0,0,46.024,36.683
P3,LateralSensory,24,26,1.6,1,0.333,1,0.0,56.207
P3,LateralSensory,24,11,2.561,0,0.0,0,78.105,81.215
P3,LateralSensory,24,22,2.04,0,0.0,0,46.024,nan
P3,LateralSensory,24,31,2.04,0,0.0,1,20.118,64.715
P3,LateralSensory,2,20,0.8,0,0.0,0,46.024,36.683
P3,LateralSensory,2,30,1.6,1,0.333,1,0.0,61.304
P3,LateralSensory,2,7,0.566,1,0.333,1,24.462,0.0
P3,LateralSensory,2,14,0.566,1,0.333,1,24.462,0.0
P3,LateralSensory,2,25,1.265,1,0.333,1,0.0,36.683
P3,LateralSensory,2,4,0.8,1,0.333,1,24.462,0.0
P3,LateralSensory,2,19,1.131,0,0.0,0,46.024,36.683
P3,LateralSensory,2,9,1.265,0,0.0,1,48.652,nan
P3,LateralSensory,2,16,1.265,1,1.0,1,0.0,0.0
P3,LateralSensory,2,26,1.697,0,0.0,0,46.024,52.627
P3,LateralSensory,2,11,1.649,0,0.0,1,48.652,45.451
P3,LateralSensory,2,22,1.789,1,0.5,1,0.0,nan
P3,LateralSensory,2,31,2.263,0,0.0,0,51.638,41.627
P3,LateralSensory,20,30,0.8,0,0.0,1,46.024,47.612
P3,LateralSensory,20,7,1.265,0,0.0,0,59.948,36.683
P3,LateralSensory,20,14,0.566,0,0.0,0,59.948,36.683
P3,LateralSensory,20,25,0.566,1,0.333,1,46.024,0.0
P3,LateralSensory,20,4,1.131,0,0.0,0,59.948,36.683
P3,LateralSensory,20,19,0.8,1,1.0,1,0.0,0.0
P3,LateralSensory,20,9,1.697,0,0.0,0,78.105,nan
P3,LateralSensory,20,16,1.265,0,0.0,0,46.024,36.683
P3,LateralSensory,20,26,1.265,1,0.333,1,0.0,56.207
P3,LateralSensory,20,11,2.0,0,0.0,0,78.105,81.215
P3,LateralSensory,20,22,1.6,0,0.0,0,46.024,nan
P3,LateralSensory,20,31,1.789,0,0.0,1,20.118,64.715
P3,LateralSensory,30,7,2.04,0,0.0,0,24.462,61.304
P3,LateralSensory,30,14,1.265,0,0.0,0,24.462,61.304
P3,LateralSensory,30,25,0.566,1,0.333,1,0.0,47.612
P3,LateralSensory,30,4,1.789,0,0.0,0,24.462,61.304
P3,LateralSensory,30,19,1.131,0,0.0,1,46.024,47.612
P3,LateralSensory,30,9,2.332,0,0.0,0,48.652,nan
P3,LateralSensory,30,16,1.697,1,0.333,1,0.0,61.304
P3,LateralSensory,30,26,1.265,0,0.0,1,46.024,25.864
P3,LateralSensory,30,11,2.561,0,0.0,0,48.652,102.288
P3,LateralSensory,30,22,1.789,1,0.5,1,0.0,nan
P3,LateralSensory,30,31,1.6,0,0.0,1,51.638,101.737
P3,LateralSensory,7,14,0.8,1,1.0,1,0.0,0.0
P3,LateralSensory,7,25,1.6,0,0.0,0,24.462,36.683
P3,LateralSensory,7,4,0.566,1,1.0,1,0.0,0.0
P3,LateralSensory,7,19,1.265,0,0.0,0,59.948,36.683
P3,LateralSensory,7,9,0.8,0,0.0,1,24.214,nan
P3,LateralSensory,7,16,1.131,1,0.333,1,24.462,0.0
P3,LateralSensory,7,26,1.789,0,0.0,0,59.948,52.627
P3,LateralSensory,7,11,1.2,0,0.0,1,24.214,45.451
P3,LateralSensory,7,22,1.697,0,0.0,0,24.462,nan
P3,LateralSensory,7,31,2.332,0,0.0,0,57.166,41.627
P3,LateralSensory,14,25,0.8,0,0.0,0,24.462,36.683
P3,LateralSensory,14,4,0.566,1,1.0,1,0.0,0.0
P3,LateralSensory,14,19,0.566,0,0.0,0,59.948,36.683
P3,LateralSensory,14,9,1.131,0,0.0,1,24.214,nan
P3,LateralSensory,14,16,0.8,1,0.333,1,24.462,0.0
P3,LateralSensory,14,26,1.131,0,0.0,0,59.948,52.627
P3,LateralSensory,14,11,1.442,0,0.0,1,24.214,45.451
P3,LateralSensory,14,22,1.265,0,0.0,0,24.462,nan
P3,LateralSensory,14,31,1.697,0,0.0,0,57.166,41.627
P3,LateralSensory,25,4,1.265,0,0.0,0,24.462,36.683
P3,LateralSensory,25,19,0.566,1,0.333,1,46.024,0.0
P3,LateralSensory,25,9,1.789,0,0.0,0,48.652,nan
P3,LateralSensory,25,16,1.131,1,0.333,1,0.0,36.683
P3,LateralSensory,25,26,0.8,0,0.0,0,46.024,56.207
P3,LateralSensory,25,11,2.0,0,0.0,0,48.652,81.215
P3,LateralSensory,25,22,1.265,1,0.5,1,0.0,nan
P3,LateralSensory,25,31,1.265,0,0.0,0,51.638,64.715
P3,LateralSensory,4,19,0.8,0,0.0,0,59.948,36.683
P3,LateralSensory,4,9,0.566,0,0.0,1,24.214,nan
P3,LateralSensory,4,16,0.566,1,0.333,1,24.462,0.0
P3,LateralSensory,4,26,1.265,0,0.0,0,59.948,52.627
P3,LateralSensory,4,11,0.894,0,0.0,1,24.214,45.451
P3,LateralSensory,4,22,1.131,0,0.0,0,24.462,nan
P3,LateralSensory,4,31,1.789,0,0.0,0,57.166,41.627
P3,LateralSensory,19,9,1.265,0,0.0,0,78.105,nan
P3,LateralSensory,19,16,0.566,0,0.0,0,46.024,36.683
P3,LateralSensory,19,26,0.566,1,0.333,1,0.0,56.207
P3,LateralSensory,19,11,1.442,0,0.0,0,78.105,81.215
P3,LateralSensory,19,22,0.8,0,0.0,0,46.024,nan
P3,LateralSensory,19,31,1.131,0,0.0,1,20.118,64.715
P3,LateralSensory,9,16,0.8,0,0.0,1,48.652,nan
P3,LateralSensory,9,26,1.6,0,0.0,0,78.105,nan
P3,LateralSensory,9,11,0.4,1,0.5,1,0.0,nan
P3,LateralSensory,9,22,1.265,0,0.0,0,48.652,nan
P3,LateralSensory,9,31,2.04,0,0.0,0,69.879,nan
P3,LateralSensory,16,26,0.8,0,0.0,0,46.024,52.627
P3,LateralSensory,16,11,0.894,0,0.0,1,48.652,45.451
P3,LateralSensory,16,22,0.566,1,0.5,1,0.0,nan
P3,LateralSensory,16,31,1.265,0,0.0,0,51.638,41.627
P3,LateralSensory,26,11,1.649,0,0.0,0,78.105,85.678
P3,LateralSensory,26,22,0.566,0,0.0,0,46.024,nan
P3,LateralSensory,26,31,0.566,0,0.0,1,20.118,94.081
P3,LateralSensory,11,22,1.2,0,0.0,0,48.652,nan
P3,LateralSensory,11,31,2.0,0,0.0,0,69.879,37.949
P3,LateralSensory,22,31,0.8,0,0.0,0,51.638,nan
P3,MedialSensory,33,40,0.8,0,0.0,1,25.553,38.294
P3,MedialSensory,33,53,1.6,0,0.0,0,38.81,67.128
P3,MedialSensory,33,59,2.0,0,0.0,0,76.483,nan
P3,MedialSensory,33,45,0.566,0,0.0,1,25.553,25.422
P3,MedialSensory,33,49,1.265,0,0.0,1,38.81,25.422
P3,MedialSensory,33,60,2.04,0,0.0,0,38.81,67.128
P3,MedialSensory,33,35,0.8,0,0.0,0,33.081,31.491
P3,MedialSensory,33,42,1.131,1,1.0,1,0.0,0.0
P3,MedialSensory,33,55,1.789,0,0.0,0,38.81,111.644
P3,MedialSensory,33,47,1.265,0,0.0,0,33.081,31.491
P3,MedialSensory,33,50,1.697,0,0.0,0,38.81,nan
P3,MedialSensory,33,61,2.332,0,0.0,0,33.081,31.491
P3,MedialSensory,33,37,1.6,0,0.0,0,41.207,31.491
P3,MedialSensory,33,44,1.789,0,0.0,0,59.446,33.884
P3,MedialSensory,33,56,2.263,0,0.0,0,33.081,46.673
P3,MedialSensory,33,34,2.04,0,0.0,0,33.081,33.884
P3,MedialSensory,33,52,2.332,0,0.0,0,68.23,nan
P3,MedialSensory,33,62,2.828,0,0.0,0,38.81,31.491
P3,MedialSensory,33,39,2.4,0,0.0,0,33.081,31.491
P3,MedialSensory,33,46,2.53,0,0.0,0,33.081,31.491
P3,MedialSensory,33,57,2.884,0,0.0,0,38.81,31.491
P3,MedialSensory,33,36,2.828,0,0.0,0,38.81,31.491
P3,MedialSensory,33,51,3.046,0,0.0,0,69.686,31.491
P3,MedialSensory,33,64,3.441,0,0.0,0,38.81,33.884
P3,MedialSensory,33,41,3.2,0,0.0,0,33.081,61.009
P3,MedialSensory,33,48,3.298,0,0.0,0,38.81,33.884
P3,MedialSensory,33,58,3.578,1,0.333,1,76.483,0.0
P3,MedialSensory,33,43,3.6,0,0.0,0,41.207,31.491
P3,MedialSensory,33,38,3.622,0,0.0,0,41.207,62.99
P3,MedialSensory,33,54,3.795,0,0.0,0,68.23,69.432
P3,MedialSensory,33,63,4.118,0,0.0,0,38.81,31.491
P3,MedialSensory,40,53,0.8,0,0.0,0,27.273,71.904
P3,MedialSensory,40,59,1.2,0,0.0,0,57.575,nan
P3,MedialSensory,40,45,0.566,1,0.333,1,0.0,30.615
P3,MedialSensory,40,49,0.566,0,0.0,1,27.273,30.615
P3,MedialSensory,40,60,1.265,0,0.0,0,27.273,71.904
P3,MedialSensory,40,35,1.131,0,0.0,0,41.1,67.872
P3,MedialSensory,40,42,0.8,0,0.0,1,25.553,38.294
P3,MedialSensory,40,55,1.131,0,0.0,0,27.273,126.422
P3,MedialSensory,40,47,1.265,0,0.0,0,41.1,67.872
P3,MedialSensory,40,50,1.265,0,0.0,0,27.273,nan
P3,MedialSensory,40,61,1.697,0,0.0,0,41.1,67.872
P3,MedialSensory,40,37,1.789,0,0.0,0,57.472,67.872
P3,MedialSensory,40,44,1.6,0,0.0,0,37.241,56.79
P3,MedialSensory,40,56,1.789,0,0.0,0,41.1,84.872
P3,MedialSensory,40,34,2.04,0,0.0,0,41.1,56.79
P3,MedialSensory,40,52,2.04,0,0.0,0,56.955,nan
P3,MedialSensory,40,62,2.332,0,0.0,0,27.273,67.872
P3,MedialSensory,40,39,2.53,0,0.0,0,41.1,67.872
P3,MedialSensory,40,46,2.4,0,0.0,0,41.1,67.872
P3,MedialSensory,40,57,2.53,0,0.0,0,27.273,67.872
P3,MedialSensory,40,36,2.828,0,0.0,0,27.273,67.872
P3,MedialSensory,40,51,2.828,0,0.0,0,67.237,67.872
P3,MedialSensory,40,64,3.046,0,0.0,0,27.273,56.79
P3,MedialSensory,40,41,3.298,0,0.0,0,41.1,84.129
P3,MedialSensory,40,48,3.2,0,0.0,0,27.273,56.79
P3,MedialSensory,40,58,3.298,0,0.0,1,57.575,38.294
P3,MedialSensory,40,43,3.688,0,0.0,0,57.472,67.872
P3,MedialSensory,40,38,3.622,0,0.0,0,57.472,94.331
P3,MedialSensory,40,54,3.622,0,0.0,0,56.955,105.195
P3,MedialSensory,40,63,3.795,0,0.0,0,27.273,67.872
P3,MedialSensory,53,59,0.4,0,0.0,0,38.655,nan
P3,MedialSensory,53,45,1.265,0,0.0,0,27.273,46.296
P3,MedialSensory,53,49,0.566,1,0.333,1,0.0,46.296
P3,MedialSensory,53,60,0.566,1,1.0,1,0.0,0.0
P3,MedialSensory,53,35,1.789,0,0.0,1,27.2,64.715
P3,MedialSensory,53,42,1.131,0,0.0,0,38.81,67.128
P3,MedialSensory,53,55,0.8,1,0.333,1,0.0,56.207
P3,MedialSensory,53,47,1.697,0,0.0,1,27.2,64.715
P3,MedialSensory,53,50,1.265,1,0.5,1,0.0,nan
P3,MedialSensory,53,61,1.265,0,0.0,1,27.2,64.715
P3,MedialSensory,53,37,2.263,0,0.0,1,47.302,64.715
P3,MedialSensory,53,44,1.789,0,0.0,1,27.402,38.133
P3,MedialSensory,53,56,1.6,0,0.0,1,27.2,90.806
P3,MedialSensory,53,34,2.332,0,0.0,1,27.2,38.133
P3,MedialSensory,53,52,2.04,0,0.0,0,30.562,nan
P3,MedialSensory,53,62,2.04,1,0.333,1,0.0,64.715
P3,MedialSensory,53,39,2.884,0,0.0,1,27.2,64.715
P3,MedialSensory,53,46,2.53,0,0.0,1,27.2,64.715
P3,MedialSensory,53,57,2.4,1,0.333,1,0.0,64.715
P3,MedialSensory,53,36,3.046,1,0.333,1,0.0,64.715
P3,MedialSensory,53,51,2.828,0,0.0,1,40.629,64.715
P3,MedialSensory,53,64,2.828,1,0.333,1,0.0,38.133
P3,MedialSensory,53,41,3.578,0,0.0,1,27.2,36.683
P3,MedialSensory,53,48,3.298,1,0.333,1,0.0,38.133
P3,MedialSensory,53,58,3.2,0,0.0,0,38.655,67.128
P3,MedialSensory,53,43,3.94,0,0.0,1,47.302,64.715
P3,MedialSensory,53,38,3.795,0,0.0,1,47.302,60.07
P3,MedialSensory,53,54,3.622,0,0.0,0,30.562,81.215
P3,MedialSensory,53,63,3.622,1,0.333,1,0.0,64.715
P3,MedialSensory,59,45,1.649,0,0.0,0,57.575,nan
P3,MedialSensory,59,49,0.894,0,0.0,0,38.655,nan
P3,MedialSensory,59,60,0.4,0,0.0,0,38.655,nan
P3,MedialSensory,59,35,2.154,0,0.0,0,62.255,nan
P3,MedialSensory,59,42,1.442,0,0.0,0,76.483,nan
P3,MedialSensory,59,55,0.894,0,0.0,0,38.655,nan
P3,MedialSensory,59,47,2.0,0,0.0,0,62.255,nan
P3,MedialSensory,59,50,1.442,0,0.0,0,38.655,nan
P3,MedialSensory,59,61,1.2,0,0.0,0,62.255,nan
P3,MedialSensory,59,37,2.561,0,0.0,0,81.352,nan
P3,MedialSensory,59,44,2.0,0,0.0,1,22.506,nan
P3,MedialSensory,59,56,1.649,0,0.0,0,62.255,nan
P3,MedialSensory,59,34,2.561,0,0.0,0,62.255,nan
P3,MedialSensory,59,52,2.154,0,0.0,0,24.462,nan
P3,MedialSensory,59,62,2.0,0,0.0,0,38.655,nan
P3,MedialSensory,59,39,3.124,0,0.0,0,62.255,nan
P3,MedialSensory,59,46,2.683,0,0.0,0,62.255,nan
P3,MedialSensory,59,57,2.433,0,0.0,0,38.655,nan
P3,MedialSensory,59,36,3.225,0,0.0,0,38.655,nan
P3,MedialSensory,59,51,2.912,0,0.0,0,48.652,nan
P3,MedialSensory,59,64,2.8,0,0.0,0,38.655,nan
P3,MedialSensory,59,41,3.774,0,0.0,0,62.255,nan
P3,MedialSensory,59,48,3.418,0,0.0,0,38.655,nan
P3,MedialSensory,59,58,3.225,1,0.5,1,0.0,nan
P3,MedialSensory,59,43,4.118,0,0.0,0,81.352,nan
P3,MedialSensory,59,38,3.94,0,0.0,0,81.352,nan
P3,MedialSensory,59,54,3.688,0,0.0,0,24.462,nan
P3,MedialSensory,59,63,3.6,0,0.0,0,38.655,nan
P3,MedialSensory,45,49,0.8,1,0.333,1,27.273,0.0
P3,MedialSensory,45,60,1.6,0,0.0,0,27.273,46.296
P3,MedialSensory,45,35,0.566,0,0.0,0,41.1,43.807
P3,MedialSensory,45,42,0.566,0,0.0,1,25.553,25.422
P3,MedialSensory,45,55,1.265,0,0.0,0,27.273,97.672
P3,MedialSensory,45,47,0.8,0,0.0,0,41.1,43.807
P3,MedialSensory,45,50,1.131,0,0.0,0,27.273,nan
P3,MedialSensory,45,61,1.789,0,0.0,0,41.1,43.807
P3,MedialSensory,45,37,1.265,0,0.0,0,57.472,43.807
P3,MedialSensory,45,44,1.265,0,0.0,0,37.241,26.537
P3,MedialSensory,45,56,1.697,0,0.0,0,41.1,66.561
P3,MedialSensory,45,34,1.6,0,0.0,0,41.1,26.537
P3,MedialSensory,45,52,1.789,0,0.0,0,56.955,nan
P3,MedialSensory,45,62,2.263,0,0.0,0,27.273,43.807
P3,MedialSensory,45,39,2.04,0,0.0,0,41.1,43.807
P3,MedialSensory,45,46,2.04,0,0.0,0,41.1,43.807
P3,MedialSensory,45,57,2.332,0,0.0,0,27.273,43.807
P3,MedialSensory,45,36,2.4,0,0.0,0,27.273,43.807
P3,MedialSensory,45,51,2.53,0,0.0,0,67.237,43.807
P3,MedialSensory,45,64,2.884,0,0.0,0,27.273,26.537
P3,MedialSensory,45,41,2.828,0,0.0,0,41.1,53.514
P3,MedialSensory,45,48,2.828,0,0.0,0,27.273,26.537
P3,MedialSensory,45,58,3.046,0,0.0,1,57.575,25.422
P3,MedialSensory,45,43,3.225,0,0.0,0,57.472,43.807
P3,MedialSensory,45,38,3.2,0,0.0,0,57.472,65.004
P3,MedialSensory,45,54,3.298,0,0.0,0,56.955,78.408
P3,MedialSensory,45,63,3.578,0,0.0,0,27.273,43.807
P3,MedialSensory,49,60,0.8,1,0.333,1,0.0,46.296
P3,MedialSensory,49,35,1.265,0,0.0,1,27.2,43.807
P3,MedialSensory,49,42,0.566,0,0.0,1,38.81,25.422
P3,MedialSensory,49,55,0.566,1,0.333,1,0.0,97.672
P3,MedialSensory,49,47,1.131,0,0.0,1,27.2,43.807
P3,MedialSensory,49,50,0.8,1,0.5,1,0.0,nan
P3,MedialSensory,49,61,1.131,0,0.0,1,27.2,43.807
P3,MedialSensory,49,37,1.697,0,0.0,1,47.302,43.807
P3,MedialSensory,49,44,1.265,0,0.0,1,27.402,26.537
P3,MedialSensory,49,56,1.265,0,0.0,1,27.2,66.561
P3,MedialSensory,49,34,1.789,0,0.0,1,27.2,26.537
P3,MedialSensory,49,52,1.6,0,0.0,0,30.562,nan
P3,MedialSensory,49,62,1.789,1,0.333,1,0.0,43.807
P3,MedialSensory,49,39,2.332,0,0.0,1,27.2,43.807
P3,MedialSensory,49,46,2.04,0,0.0,1,27.2,43.807
P3,MedialSensory,49,57,2.04,1,0.333,1,0.0,43.807
P3,MedialSensory,49,36,2.53,1,0.333,1,0.0,43.807
P3,MedialSensory,49,51,2.4,0,0.0,1,40.629,43.807
P3,MedialSensory,49,64,2.53,1,0.333,1,0.0,26.537
P3,MedialSensory,49,41,3.046,0,0.0,1,27.2,53.514
P3,MedialSensory,49,48,2.828,1,0.333,1,0.0,26.537
P3,MedialSensory,49,58,2.828,0,0.0,1,38.655,25.422
P3,MedialSensory,49,43,3.418,0,0.0,1,47.302,43.807
P3,MedialSensory,49,38,3.298,0,0.0,1,47.302,65.004
P3,MedialSensory,49,54,3.2,0,0.0,0,30.562,78.408
P3,MedialSensory,49,63,3.298,1,0.333,1,0.0,43.807
P3,MedialSensory,60,35,2.04,0,0.0,1,27.2,64.715
P3,MedialSensory,60,42,1.265,0,0.0,0,38.81,67.128
P3,MedialSensory,60,55,0.566,1,0.333,1,0.0,56.207
P3,MedialSensory,60,47,1.789,0,0.0,1,27.2,64.715
P3,MedialSensory,60,50,1.131,1,0.5,1,0.0,nan
P3,MedialSensory,60,61,0.8,0,0.0,1,27.2,64.715
P3,MedialSensory,60,37,2.332,0,0.0,1,47.302,64.715
P3,MedialSensory,60,44,1.697,0,0.0,1,27.402,38.133
P3,MedialSensory,60,56,1.265,0,0.0,1,27.2,90.806
P3,MedialSensory,60,34,2.263,0,0.0,1,27.2,38.133
P3,MedialSensory,60,52,1.789,0,0.0,0,30.562,nan
P3,MedialSensory,60,62,1.6,1,0.333,1,0.0,64.715
P3,MedialSensory,60,39,2.828,0,0.0,1,27.2,64.715
P3,MedialSensory,60,46,2.332,0,0.0,1,27.2,64.715
P3,MedialSensory,60,57,2.04,1,0.333,1,0.0,64.715
P3,MedialSensory,60,36,2.884,1,0.333,1,0.0,64.715
P3,MedialSensory,60,51,2.53,0,0.0,1,40.629,64.715
P3,MedialSensory,60,64,2.4,1,0.333,1,0.0,38.133
P3,MedialSensory,60,41,3.441,0,0.0,1,27.2,36.683
P3,MedialSensory,60,48,3.046,1,0.333,1,0.0,38.133
P3,MedialSensory,60,58,2.828,0,0.0,0,38.655,67.128
P3,MedialSensory,60,43,3.774,0,0.0,1,47.302,64.715
P3,MedialSensory,60,38,3.578,0,0.0,1,47.302,60.07
P3,MedialSensory,60,54,3.298,0,0.0,0,30.562,81.215
P3,MedialSensory,60,63,3.2,1,0.333,1,0.0,64.715
P3,MedialSensory,35,42,0.8,0,0.0,0,33.081,31.491
P3,MedialSensory,35,55,1.6,0,0.0,1,27.2,94.081
P3,MedialSensory,35,47,0.566,1,1.0,1,0.0,0.0
P3,MedialSensory,35,50,1.265,0,0.0,1,27.2,nan
P3,MedialSensory,35,61,2.04,1,1.0,1,0.0,0.0
P3,MedialSensory,35,37,0.8,1,0.333,1,20.108,0.0
P3,MedialSensory,35,44,1.131,0,0.0,1,54.571,27.387
P3,MedialSensory,35,56,1.789,1,0.333,1,0.0,26.27
P3,MedialSensory,35,34,1.265,1,0.333,1,0.0,27.387
P3,MedialSensory,35,52,1.697,0,0.0,0,44.965,nan
P3,MedialSensory,35,62,2.332,1,0.333,1,27.2,0.0
P3,MedialSensory,35,39,1.6,1,1.0,1,0.0,0.0
P3,MedialSensory,35,46,1.789,1,1.0,1,0.0,0.0
P3,MedialSensory,35,57,2.263,1,0.333,1,27.2,0.0
P3,MedialSensory,35,36,2.04,1,0.333,1,27.2,0.0
P3,MedialSensory,35,51,2.332,1,0.333,1,38.467,0.0
P3,MedialSensory,35,64,2.828,0,0.0,1,27.2,27.387
P3,MedialSensory,35,41,2.4,1,0.333,1,0.0,41.627
P3,MedialSensory,35,48,2.53,0,0.0,1,27.2,27.387
P3,MedialSensory,35,58,2.884,0,0.0,0,62.255,31.491
P3,MedialSensory,35,43,2.8,1,0.333,1,20.108,0.0
P3,MedialSensory,35,38,2.828,0,0.0,1,20.108,34.162
P3,MedialSensory,35,54,3.046,0,0.0,0,44.965,37.949
P3,MedialSensory,35,63,3.441,1,0.333,1,27.2,0.0
P3,MedialSensory,42,55,0.8,0,0.0,0,38.81,111.644
P3,MedialSensory,42,47,0.566,0,0.0,0,33.081,31.491
P3,MedialSensory,42,50,0.566,0,0.0,0,38.81,nan
P3,MedialSensory,42,61,1.265,0,0.0,0,33.081,31.491
P3,MedialSensory,42,37,1.131,0,0.0,0,41.207,31.491
P3,MedialSensory,42,44,0.8,0,0.0,0,59.446,33.884
P3,MedialSensory,42,56,1.131,0,0.0,0,33.081,46.673
P3,MedialSensory,42,34,1.265,0,0.0,0,33.081,33.884
P3,MedialSensory,42,52,1.265,0,0.0,0,68.23,nan
P3,MedialSensory,42,62,1.697,0,0.0,0,38.81,31.491
P3,MedialSensory,42,39,1.789,0,0.0,0,33.081,31.491
P3,MedialSensory,42,46,1.6,0,0.0,0,33.081,31.491
P3,MedialSensory,42,57,1.789,0,0.0,0,38.81,31.491
P3,MedialSensory,42,36,2.04,0,0.0,0,38.81,31.491
P3,MedialSensory,42,51,2.04,0,0.0,0,69.686,31.491
P3,MedialSensory,42,64,2.332,0,0.0,0,38.81,33.884
P3,MedialSensory,42,41,2.53,0,0.0,0,33.081,61.009
P3,MedialSensory,42,48,2.4,0,0.0,0,38.81,33.884
P3,MedialSensory,42,58,2.53,1,0.333,1,76.483,0.0
P3,MedialSensory,42,43,2.912,0,0.0,0,41.207,31.491
P3,MedialSensory,42,38,2.828,0,0.0,0,41.207,62.99
P3,MedialSensory,42,54,2.828,0,0.0,0,68.23,69.432
P3,MedialSensory,42,63,3.046,0,0.0,0,38.81,31.491
P3,MedialSensory,55,47,1.265,0,0.0,1,27.2,94.081
P3,MedialSensory,55,50,0.566,1,0.5,1,0.0,nan
P3,MedialSensory,55,61,0.566,0,0.0,1,27.2,94.081
P3,MedialSensory,55,37,1.789,0,0.0,1,47.302,94.081
P3,MedialSensory,55,44,1.131,0,0.0,1,27.402,77.761
P3,MedialSensory,55,56,0.8,0,0.0,1,27.2,114.516
P3,MedialSensory,55,34,1.697,0,0.0,1,27.2,77.761
P3,MedialSensory,55,52,1.265,0,0.0,0,30.562,nan
P3,MedialSensory,55,62,1.265,1,0.333,1,0.0,94.081
P3,MedialSensory,55,39,2.263,0,0.0,1,27.2,94.081
P3,MedialSensory,55,46,1.789,0,0.0,1,27.2,94.081
P3,MedialSensory,55,57,1.6,1,0.333,1,0.0,94.081
P3,MedialSensory,55,36,2.332,1,0.333,1,0.0,94.081
P3,MedialSensory,55,51,2.04,0,0.0,1,40.629,94.081
P3,MedialSensory,55,64,2.04,1,0.333,1,0.0,77.761
P3,MedialSensory,55,41,2.884,0,0.0,1,27.2,52.627
P3,MedialSensory,55,48,2.53,1,0.333,1,0.0,77.761
P3,MedialSensory,55,58,2.4,0,0.0,0,38.655,111.644
P3,MedialSensory,55,43,3.225,0,0.0,1,47.302,94.081
P3,MedialSensory,55,38,3.046,0,0.0,1,47.302,67.129
P3,MedialSensory,55,54,2.828,0,0.0,0,30.562,85.678
P3,MedialSensory,55,63,2.828,1,0.333,1,0.0,94.081
P3,MedialSensory,47,50,0.8,0,0.0,1,27.2,nan
P3,MedialSensory,47,61,1.6,1,1.0,1,0.0,0.0
P3,MedialSensory,47,37,0.566,1,0.333,1,20.108,0.0
P3,MedialSensory,47,44,0.566,0,0.0,1,54.571,27.387
P3,MedialSensory,47,56,1.265,1,0.333,1,0.0,26.27
P3,MedialSensory,47,34,0.8,1,0.333,1,0.0,27.387
P3,MedialSensory,47,52,1.131,0,0.0,0,44.965,nan
P3,MedialSensory,47,62,1.789,1,0.333,1,27.2,0.0
P3,MedialSensory,47,39,1.265,1,1.0,1,0.0,0.0
P3,MedialSensory,47,46,1.265,1,1.0,1,0.0,0.0
P3,MedialSensory,47,57,1.697,1,0.333,1,27.2,0.0
P3,MedialSensory,47,36,1.6,1,0.333,1,27.2,0.0
P3,MedialSensory,47,51,1.789,1,0.333,1,38.467,0.0
P3,MedialSensory,47,64,2.263,0,0.0,1,27.2,27.387
P3,MedialSensory,47,41,2.04,1,0.333,1,0.0,41.627
P3,MedialSensory,47,48,2.04,0,0.0,1,27.2,27.387
P3,MedialSensory,47,58,2.332,0,0.0,0,62.255,31.491
P3,MedialSensory,47,43,2.433,1,0.333,1,20.108,0.0
P3,MedialSensory,47,38,2.4,0,0.0,1,20.108,34.162
P3,MedialSensory,47,54,2.53,0,0.0,0,44.965,37.949
P3,MedialSensory,47,63,2.884,1,0.333,1,27.2,0.0
P3,MedialSensory,50,61,0.8,0,0.0,1,27.2,nan
P3,MedialSensory,50,37,1.265,0,0.0,1,47.302,nan
P3,MedialSensory,50,44,0.566,0,0.0,1,27.402,nan
P3,MedialSensory,50,56,0.566,0,0.0,1,27.2,nan
P3,MedialSensory,50,34,1.131,0,0.0,1,27.2,nan
P3,MedialSensory,50,52,0.8,0,0.0,0,30.562,nan
P3,MedialSensory,50,62,1.131,1,0.5,1,0.0,nan
P3,MedialSensory,50,39,1.697,0,0.0,1,27.2,nan
P3,MedialSensory,50,46,1.265,0,0.0,1,27.2,nan
P3,MedialSensory,50,57,1.265,1,0.5,1,0.0,nan
P3,MedialSensory,50,36,1.789,1,0.5,1,0.0,nan
P3,MedialSensory,50,51,1.6,0,0.0,1,40.629,nan
P3,MedialSensory,50,64,1.789,1,0.5,1,0.0,nan
P3,MedialSensory,50,41,2.332,0,0.0,1,27.2,nan
P3,MedialSensory,50,48,2.04,1,0.5,1,0.0,nan
P3,MedialSensory,50,58,2.04,0,0.0,0,38.655,nan
P3,MedialSensory,50,43,2.683,0,0.0,1,47.302,nan
P3,MedialSensory,50,38,2.53,0,0.0,1,47.302,nan
P3,MedialSensory,50,54,2.4,0,0.0,0,30.562,nan
P3,MedialSensory,50,63,2.53,1,0.5,1,0.0,nan
P3,MedialSensory,61,37,2.04,1,0.333,1,20.108,0.0
P3,MedialSensory,61,44,1.265,0,0.0,1,54.571,27.387
P3,MedialSensory,61,56,0.566,1,0.333,1,0.0,26.27
P3,MedialSensory,61,34,1.789,1,0.333,1,0.0,27.387
P3,MedialSensory,61,52,1.131,0,0.0,0,44.965,nan
P3,MedialSensory,61,62,0.8,1,0.333,1,27.2,0.0
P3,MedialSensory,61,39,2.332,1,1.0,1,0.0,0.0
P3,MedialSensory,61,46,1.697,1,1.0,1,0.0,0.0
P3,MedialSensory,61,57,1.265,1,0.333,1,27.2,0.0
P3,MedialSensory,61,36,2.263,1,0.333,1,27.2,0.0
P3,MedialSensory,61,51,1.789,1,0.333,1,38.467,0.0
P3,MedialSensory,61,64,1.6,0,0.0,1,27.2,27.387
P3,MedialSensory,61,41,2.828,1,0.333,1,0.0,41.627
P3,MedialSensory,61,48,2.332,0,0.0,1,27.2,27.387
P3,MedialSensory,61,58,2.04,0,0.0,0,62.255,31.491
P3,MedialSensory,61,43,3.124,1,0.333,1,20.108,0.0
P3,MedialSensory,61,38,2.884,0,0.0,1,20.108,34.162
P3,MedialSensory,61,54,2.53,0,0.0,0,44.965,37.949
P3,MedialSensory,61,63,2.4,1,0.333,1,27.2,0.0
P3,MedialSensory,37,44,0.8,0,0.0,1,74.679,27.387
P3,MedialSensory,37,56,1.6,0,0.0,1,20.108,26.27
P3,MedialSensory,37,34,0.566,0,0.0,1,20.108,27.387
P3,MedialSensory,37,52,1.265,0,0.0,0,61.773,nan
P3,MedialSensory,37,62,2.04,1,0.333,1,47.302,0.0
P3,MedialSensory,37,39,0.8,1,0.333,1,20.108,0.0
P3,MedialSensory,37,46,1.131,1,0.333,1,20.108,0.0
P3,MedialSensory,37,57,1.789,1,0.333,1,47.302,0.0
P3,MedialSensory,37,36,1.265,1,0.333,1,47.302,0.0
P3,MedialSensory,37,51,1.697,1,0.333,1,48.51,0.0
P3,MedialSensory,37,64,2.332,0,0.0,1,47.302,27.387
P3,MedialSensory,37,41,1.6,0,0.0,1,20.108,41.627
P3,MedialSensory,37,48,1.789,0,0.0,1,47.302,27.387
P3,MedialSensory,37,58,2.263,0,0.0,0,81.352,31.491
P3,MedialSensory,37,43,2.0,1,1.0,1,0.0,0.0
P3,MedialSensory,37,38,2.04,1,0.333,1,0.0,34.162
P3,MedialSensory,37,54,2.332,0,0.0,0,61.773,37.949
P3,MedialSensory,37,63,2.828,1,0.333,1,47.302,0.0
P3,MedialSensory,44,56,0.8,0,0.0,1,54.571,53.643
P3,MedialSensory,44,34,0.566,1,0.333,1,54.571,0.0
P3,MedialSensory,44,52,0.566,0,0.0,0,35.011,nan
P3,MedialSensory,44,62,1.265,0,0.0,1,27.402,27.387
P3,MedialSensory,44,39,1.131,0,0.0,1,54.571,27.387
P3,MedialSensory,44,46,0.8,0,0.0,1,54.571,27.387
P3,MedialSensory,44,57,1.131,0,0.0,1,27.402,27.387
P3,MedialSensory,44,36,1.265,0,0.0,1,27.402,27.387
P3,MedialSensory,44,51,1.265,0,0.0,1,56.406,27.387
P3,MedialSensory,44,64,1.697,1,0.333,1,27.402,0.0
P3,MedialSensory,44,41,1.789,0,0.0,1,54.571,28.313
P3,MedialSensory,44,48,1.6,1,0.333,1,27.402,0.0
P3,MedialSensory,44,58,1.789,0,0.0,1,22.506,33.884
P3,MedialSensory,44,43,2.154,0,0.0,1,74.679,27.387
P3,MedialSensory,44,38,2.04,0,0.0,1,74.679,38.824
P3,MedialSensory,44,54,2.04,0,0.0,0,35.011,54.481
P3,MedialSensory,44,63,2.332,0,0.0,1,27.402,27.387
P3,MedialSensory,56,34,1.265,1,0.333,1,0.0,53.643
P3,MedialSensory,56,52,0.566,0,0.0,0,44.965,nan
P3,MedialSensory,56,62,0.566,0,0.0,1,27.2,26.27
P3,MedialSensory,56,39,1.789,1,0.333,1,0.0,26.27
P3,MedialSensory,56,46,1.131,1,0.333,1,0.0,26.27
P3,MedialSensory,56,57,0.8,0,0.0,1,27.2,26.27
P3,MedialSensory,56,36,1.697,0,0.0,1,27.2,26.27
P3,MedialSensory,56,51,1.265,0,0.0,1,38.467,26.27
P3,MedialSensory,56,64,1.265,0,0.0,1,27.2,53.643
P3,MedialSensory,56,41,2.263,1,0.333,1,0.0,64.051
P3,MedialSensory,56,48,1.789,0,0.0,1,27.2,53.643
P3,MedialSensory,56,58,1.6,0,0.0,0,62.255,46.673
P3,MedialSensory,56,43,2.561,0,0.0,1,20.108,26.27
P3,MedialSensory,56,38,2.332,0,0.0,1,20.108,48.284
P3,MedialSensory,56,54,2.04,0,0.0,0,44.965,38.351
P3,MedialSensory,56,63,2.04,0,0.0,1,27.2,26.27
P3,MedialSensory,34,52,0.8,0,0.0,0,44.965,nan
P3,MedialSensory,34,62,1.6,0,0.0,1,27.2,27.387
P3,MedialSensory,34,39,0.566,1,0.333,1,0.0,27.387
P3,MedialSensory,34,46,0.566,1,0.333,1,0.0,27.387
P3,MedialSensory,34,57,1.265,0,0.0,1,27.2,27.387
P3,MedialSensory,34,36,0.8,0,0.0,1,27.2,27.387
P3,MedialSensory,34,51,1.131,0,0.0,1,38.467,27.387
P3,MedialSensory,34,64,1.789,1,0.333,1,27.2,0.0
P3,MedialSensory,34,41,1.265,1,0.333,1,0.0,28.313
P3,MedialSensory,34,48,1.265,1,0.333,1,27.2,0.0
P3,MedialSensory,34,58,1.697,0,0.0,0,62.255,33.884
P3,MedialSensory,34,43,1.649,0,0.0,1,20.108,27.387
P3,MedialSensory,34,38,1.6,0,0.0,1,20.108,38.824
P3,MedialSensory,34,54,1.789,0,0.0,0,44.965,54.481
P3,MedialSensory,34,63,2.263,0,0.0,1,27.2,27.387
P3,MedialSensory,52,62,0.8,0,0.0,0,30.562,nan
P3,MedialSensory,52,39,1.265,0,0.0,0,44.965,nan
P3,MedialSensory,52,46,0.566,0,0.0,0,44.965,nan
P3,MedialSensory,52,57,0.566,0,0.0,0,30.562,nan
P3,MedialSensory,52,36,1.131,0,0.0,0,30.562,nan
P3,MedialSensory,52,51,0.8,0,0.0,1,24.214,nan
P3,MedialSensory,52,64,1.131,0,0.0,0,30.562,nan
P3,MedialSensory,52,41,1.697,0,0.0,1,44.965,nan
P3,MedialSensory,52,48,1.265,0,0.0,0,30.562,nan
P3,MedialSensory,52,58,1.265,0,0.0,0,24.462,nan
P3,MedialSensory,52,43,2.0,0,0.0,0,61.773,nan
P3,MedialSensory,52,38,1.789,0,0.0,1,61.773,nan
P3,MedialSensory,52,54,1.6,1,0.5,1,0.0,nan
P3,MedialSensory,52,63,1.789,0,0.0,0,30.562,nan
P3,MedialSensory,62,39,2.04,1,0.333,1,27.2,0.0
P3,MedialSensory,62,46,1.265,1,0.333,1,27.2,0.0
P3,MedialSensory,62,57,0.566,1,1.0,1,0.0,0.0
P3,MedialSensory,62,36,1.789,1,1.0,1,0.0,0.0
P3,MedialSensory,62,51,1.131,1,0.333,1,40.629,0.0
P3,MedialSensory,62,64,0.8,1,0.333,1,0.0,27.387
P3,MedialSensory,62,41,2.332,0,0.0,1,27.2,41.627
P3,MedialSensory,62,48,1.697,1,0.333,1,0.0,27.387
P3,MedialSensory,62,58,1.265,0,0.0,0,38.655,31.491
P3,MedialSensory,62,43,2.561,1,0.333,1,47.302,0.0
P3,MedialSensory,62,38,2.263,0,0.0,1,47.302,34.162
P3,MedialSensory,62,54,1.789,0,0.0,0,30.562,37.949
P3,MedialSensory,62,63,1.6,1,1.0,1,0.0,0.0
P3,MedialSensory,39,46,0.8,1,1.0,1,0.0,0.0
P3,MedialSensory,39,57,1.6,1,0.333,1,27.2,0.0
P3,MedialSensory,39,36,0.566,1,0.333,1,27.2,0.0
P3,MedialSensory,39,51,1.265,1,0.333,1,38.467,0.0
P3,MedialSensory,39,64,2.04,0,0.0,1,27.2,27.387
P3,MedialSensory,39,41,0.8,1,0.333,1,0.0,41.627
P3,MedialSensory,39,48,1.131,0,0.0,1,27.2,27.387
P3,MedialSensory,39,58,1.789,0,0.0,0,62.255,31.491
P3,MedialSensory,39,43,1.2,1,0.333,1,20.108,0.0
P3,MedialSensory,39,38,1.265,0,0.0,1,20.108,34.162
P3,MedialSensory,39,54,1.697,0,0.0,0,44.965,37.949
P3,MedialSensory,39,63,2.332,1,0.333,1,27.2,0.0
P3,MedialSensory,46,57,0.8,1,0.333,1,27.2,0.0
P3,MedialSensory,46,36,0.566,1,0.333,1,27.2,0.0
P3,MedialSensory,46,51,0.566,1,0.333,1,38.467,0.0
P3,MedialSensory,46,64,1.265,0,0.0,1,27.2,27.387
P3,MedialSensory,46,41,1.131,1,0.333,1,0.0,41.627
P3,MedialSensory,46,48,0.8,0,0.0,1,27.2,27.387
P3,MedialSensory,46,58,1.131,0,0.0,0,62.255,31.491
P3,MedialSensory,46,43,1.442,1,0.333,1,20.108,0.0
P3,MedialSensory,46,38,1.265,0,0.0,1,20.108,34.162
P3,MedialSensory,46,54,1.265,0,0.0,0,44.965,37.949
P3,MedialSensory,46,63,1.697,1,0.333,1,27.2,0.0
P3,MedialSensory,57,36,1.265,1,1.0,1,0.0,0.0
P3,MedialSensory,57,51,0.566,1,0.333,1,40.629,0.0
P3,MedialSensory,57,64,0.566,1,0.333,1,0.0,27.387
P3,MedialSensory,57,41,1.789,0,0.0,1,27.2,41.627
P3,MedialSensory,57,48,1.131,1,0.333,1,0.0,27.387
P3,MedialSensory,57,58,0.8,0,0.0,0,38.655,31.491
P3,MedialSensory,57,43,2.0,1,0.333,1,47.302,0.0
P3,MedialSensory,57,38,1.697,0,0.0,1,47.302,34.162
P3,MedialSensory,57,54,1.265,0,0.0,0,30.562,37.949
P3,MedialSensory,57,63,1.265,1,1.0,1,0.0,0.0
P3,MedialSensory,36,51,0.8,1,0.333,1,40.629,0.0
P3,MedialSensory,36,64,1.6,1,0.333,1,0.0,27.387
P3,MedialSensory,36,41,0.566,0,0.0,1,27.2,41.627
P3,MedialSensory,36,48,0.566,1,0.333,1,0.0,27.387
P3,MedialSensory,36,58,1.265,0,0.0,0,38.655,31.491
P3,MedialSensory,36,43,0.894,1,0.333,1,47.302,0.0
P3,MedialSensory,36,38,0.8,0,0.0,1,47.302,34.162
P3,MedialSensory,36,54,1.131,0,0.0,0,30.562,37.949
P3,MedialSensory,36,63,1.789,1,1.0,1,0.0,0.0
P3,MedialSensory,51,64,0.8,0,0.0,1,40.629,27.387
P3,MedialSensory,51,41,1.265,0,0.0,1,38.467,41.627
P3,MedialSensory,51,48,0.566,0,0.0,1,40.629,27.387
P3,MedialSensory,51,58,0.566,0,0.0,0,48.652,31.491
P3,MedialSensory,51,43,1.442,1,0.333,1,48.51,0.0
P3,MedialSensory,51,38,1.131,0,0.0,1,48.51,34.162
P3,MedialSensory,51,54,0.8,0,0.0,1,24.214,37.949
P3,MedialSensory,51,63,1.131,1,0.333,1,40.629,0.0
P3,MedialSensory,64,41,2.04,0,0.0,1,27.2,28.313
P3,MedialSensory,64,48,1.265,1,1.0,1,0.0,0.0
P3,MedialSensory,64,58,0.566,0,0.0,0,38.655,33.884
P3,MedialSensory,64,43,2.154,0,0.0,1,47.302,27.387
P3,MedialSensory,64,38,1.789,0,0.0,1,47.302,38.824
P3,MedialSensory,64,54,1.131,0,0.0,0,30.562,54.481
P3,MedialSensory,64,63,0.8,1,0.333,1,0.0,27.387
P3,MedialSensory,41,48,0.8,0,0.0,1,27.2,28.313
P3,MedialSensory,41,58,1.6,0,0.0,0,62.255,61.009
P3,MedialSensory,41,43,0.4,0,0.0,1,20.108,41.627
P3,MedialSensory,41,38,0.566,0,0.0,1,20.108,23.79
P3,MedialSensory,41,54,1.265,0,0.0,1,44.965,45.451
P3,MedialSensory,41,63,2.04,0,0.0,1,27.2,41.627
P3,MedialSensory,48,58,0.8,0,0.0,0,38.655,33.884
P3,MedialSensory,48,43,0.894,0,0.0,1,47.302,27.387
P3,MedialSensory,48,38,0.566,0,0.0,1,47.302,38.824
P3,MedialSensory,48,54,0.566,0,0.0,0,30.562,54.481
P3,MedialSensory,48,63,1.265,1,0.333,1,0.0,27.387
P3,MedialSensory,58,43,1.649,0,0.0,0,81.352,31.491
P3,MedialSensory,58,38,1.265,0,0.0,0,81.352,62.99
P3,MedialSensory,58,54,0.566,0,0.0,0,24.462,69.432
P3,MedialSensory,58,63,0.566,0,0.0,0,38.655,31.491
P3,MedialSensory,43,38,0.4,1,0.333,1,0.0,34.162
P3,MedialSensory,43,54,1.2,0,0.0,0,61.773,37.949
P3,MedialSensory,43,63,2.0,1,0.333,1,47.302,0.0
P3,MedialSensory,38,54,0.8,0,0.0,1,61.773,21.765
P3,MedialSensory,38,63,1.6,0,0.0,1,47.302,34.162
P3,MedialSensory,54,63,0.8,0,0.0,0,30.562,37.949
